,urls
0,https://rf-bootcamp-2025.s3.us-west-2.amazonaws.com/Form3_files/
1,https://rf-bootcamp-2025.s3.us-west-2.amazonaws.com/Form3_files/0000003570-22-000041.txt
2,https://rf-bootcamp-2025.s3.us-west-2.amazonaws.com/Form3_files/0000006281-21-000217.txt
3,https://rf-bootcamp-2025.s3.us-west-2.amazonaws.com/Form3_files/0000010254-21-000016.txt
4,https://rf-bootcamp-2025.s3.us-west-2.amazonaws.com/Form3_files/0000014930-21-000158.txt
5,https://rf-bootcamp-2025.s3.us-west-2.amazonaws.com/Form3_files/0000030625-22-000085.txt
6,https://rf-bootcamp-2025.s3.us-west-2.amazonaws.com/Form3_files/0000034563-19-000054.txt
7,https://rf-bootcamp-2025.s3.us-west-2.amazonaws.com/Form3_files/0000059478-18-000006.txt
8,https://rf-bootcamp-2025.s3.us-west-2.amazonaws.com/Form3_files/0000067590-18-001247.txt
9,https://rf-bootcamp-2025.s3.us-west-2.amazonaws.com/Form3_files/0000072162-19-000008.txt
10,https://rf-bootcamp-2025.s3.us-west-2.amazonaws.com/Form3_files/0000092380-21-000008.txt
11,https://rf-bootcamp-2025.s3.us-west-2.amazonaws.com/Form3_files/0000313616-19-000002.txt
12,https://rf-bootcamp-2025.s3.us-west-2.amazonaws.com/Form3_files/0000315066-19-001465.txt
13,https://rf-bootcamp-2025.s3.us-west-2.amazonaws.com/Form3_files/0000707549-19-000090.txt
14,https://rf-bootcamp-2025.s3.us-west-2.amazonaws.com/Form3_files/0000750556-18-000007.txt
15,https://rf-bootcamp-2025.s3.us-west-2.amazonaws.com/Form3_files/0000768899-19-000091.txt
16,https://rf-bootcamp-2025.s3.us-west-2.amazonaws.com/Form3_files/0000794619-20-000051.txt
17,https://rf-bootcamp-2025.s3.us-west-2.amazonaws.com/Form3_files/0000807249-19-000011.txt
18,https://rf-bootcamp-2025.s3.us-west-2.amazonaws.com/Form3_files/0000813298-19-000015.txt
19,https://rf-bootcamp-2025.s3.us-west-2.amazonaws.com/Form3_files/0000819689-19-000067.txt
20,https://rf-bootcamp-2025.s3.us-west-2.amazonaws.com/Form3_files/0000876167-18-000029.txt
21,https://rf-bootcamp-2025.s3.us-west-2.amazonaws.com/Form3_files/0000883237-22-000164.txt
22,https://rf-bootcamp-2025.s3.us-west-2.amazonaws.com/Form3_files/0000886346-19-000111.txt
23,https://rf-bootcamp-2025.s3.us-west-2.amazonaws.com/Form3_files/0000890564-22-000038.txt
24,https://rf-bootcamp-2025.s3.us-west-2.amazonaws.com/Form3_files/0000892712-20-000045.txt
25,https://rf-bootcamp-2025.s3.us-west-2.amazonaws.com/Form3_files/0000895345-22-000843.txt
26,https://rf-bootcamp-2025.s3.us-west-2.amazonaws.com/Form3_files/0000895345-23-000006.txt
27,https://rf-bootcamp-2025.s3.us-west-2.amazonaws.com/Form3_files/0000897069-23-001174.txt
28,https://rf-bootcamp-2025.s3.us-west-2.amazonaws.com/Form3_files/0000897077-24-000019.txt
29,https://rf-bootcamp-2025.s3.us-west-2.amazonaws.com/Form3_files/0000897101-18-000003.txt
30,https://rf-bootcamp-2025.s3.us-west-2.amazonaws.com/Form3_files/0000897101-19-000342.txt
31,https://rf-bootcamp-2025.s3.us-west-2.amazonaws.com/Form3_files/0000898432-18-001058.txt
32,https://rf-bootcamp-2025.s3.us-west-2.amazonaws.com/Form3_files/0000899243-18-001669.txt
33,https://rf-bootcamp-2025.s3.us-west-2.amazonaws.com/Form3_files/0000899243-18-002369.txt
34,https://rf-bootcamp-2025.s3.us-west-2.amazonaws.com/Form3_files/0000899243-18-003130.txt
35,https://rf-bootcamp-2025.s3.us-west-2.amazonaws.com/Form3_files/0000899243-18-007544.txt
36,https://rf-bootcamp-2025.s3.us-west-2.amazonaws.com/Form3_files/0000899243-18-007998.txt
37,https://rf-bootcamp-2025.s3.us-west-2.amazonaws.com/Form3_files/0000899243-18-008387.txt
38,https://rf-bootcamp-2025.s3.us-west-2.amazonaws.com/Form3_files/0000899243-18-008980.txt
39,https://rf-bootcamp-2025.s3.us-west-2.amazonaws.com/Form3_files/0000899243-18-010413.txt
40,https://rf-bootcamp-2025.s3.us-west-2.amazonaws.com/Form3_files/0000899243-18-011423.txt
41,https://rf-bootcamp-2025.s3.us-west-2.amazonaws.com/Form3_files/0000899243-18-012531.txt
42,https://rf-bootcamp-2025.s3.us-west-2.amazonaws.com/Form3_files/0000899243-18-014476.txt
43,https://rf-bootcamp-2025.s3.us-west-2.amazonaws.com/Form3_files/0000899243-18-015686.txt
44,https://rf-bootcamp-2025.s3.us-west-2.amazonaws.com/Form3_files/0000899243-18-016002.txt
45,https://rf-bootcamp-2025.s3.us-west-2.amazonaws.com/Form3_files/0000899243-18-017458.txt
46,https://rf-bootcamp-2025.s3.us-west-2.amazonaws.com/Form3_files/0000899243-18-017486.txt
47,https://rf-bootcamp-2025.s3.us-west-2.amazonaws.com/Form3_files/0000899243-18-017505.txt
48,https://rf-bootcamp-2025.s3.us-west-2.amazonaws.com/Form3_files/0000899243-18-017513.txt
49,https://rf-bootcamp-2025.s3.us-west-2.amazonaws.com/Form3_files/0000899243-18-020887.txt
50,https://rf-bootcamp-2025.s3.us-west-2.amazonaws.com/Form3_files/0000899243-18-024292.txt
51,https://rf-bootcamp-2025.s3.us-west-2.amazonaws.com/Form3_files/0000899243-18-024831.txt
52,https://rf-bootcamp-2025.s3.us-west-2.amazonaws.com/Form3_files/0000899243-18-026224.txt
53,https://rf-bootcamp-2025.s3.us-west-2.amazonaws.com/Form3_files/0000899243-18-027664.txt
54,https://rf-bootcamp-2025.s3.us-west-2.amazonaws.com/Form3_files/0000899243-18-028431.txt
55,https://rf-bootcamp-2025.s3.us-west-2.amazonaws.com/Form3_files/0000899243-18-030428.txt
56,https://rf-bootcamp-2025.s3.us-west-2.amazonaws.com/Form3_files/0000899243-19-004107.txt
57,https://rf-bootcamp-2025.s3.us-west-2.amazonaws.com/Form3_files/0000899243-19-005063.txt
58,https://rf-bootcamp-2025.s3.us-west-2.amazonaws.com/Form3_files/0000899243-19-009930.txt
59,https://rf-bootcamp-2025.s3.us-west-2.amazonaws.com/Form3_files/0000899243-19-010651.txt
60,https://rf-bootcamp-2025.s3.us-west-2.amazonaws.com/Form3_files/0000899243-19-012495.txt
61,https://rf-bootcamp-2025.s3.us-west-2.amazonaws.com/Form3_files/0000899243-19-016449.txt
62,https://rf-bootcamp-2025.s3.us-west-2.amazonaws.com/Form3_files/0000899243-19-020320.txt
63,https://rf-bootcamp-2025.s3.us-west-2.amazonaws.com/Form3_files/0000899243-19-021574.txt
64,https://rf-bootcamp-2025.s3.us-west-2.amazonaws.com/Form3_files/0000899243-19-023446.txt
65,https://rf-bootcamp-2025.s3.us-west-2.amazonaws.com/Form3_files/0000899243-19-023875.txt
66,https://rf-bootcamp-2025.s3.us-west-2.amazonaws.com/Form3_files/0000899243-19-024287.txt
67,https://rf-bootcamp-2025.s3.us-west-2.amazonaws.com/Form3_files/0000899243-19-026888.txt
68,https://rf-bootcamp-2025.s3.us-west-2.amazonaws.com/Form3_files/0000899243-19-027363.txt
69,https://rf-bootcamp-2025.s3.us-west-2.amazonaws.com/Form3_files/0000899243-19-027743.txt
70,https://rf-bootcamp-2025.s3.us-west-2.amazonaws.com/Form3_files/0000899243-20-002362.txt
71,https://rf-bootcamp-2025.s3.us-west-2.amazonaws.com/Form3_files/0000899243-20-003444.txt
72,https://rf-bootcamp-2025.s3.us-west-2.amazonaws.com/Form3_files/0000899243-20-005132.txt
73,https://rf-bootcamp-2025.s3.us-west-2.amazonaws.com/Form3_files/0000899243-20-005143.txt
74,https://rf-bootcamp-2025.s3.us-west-2.amazonaws.com/Form3_files/0000899243-20-005312.txt
75,https://rf-bootcamp-2025.s3.us-west-2.amazonaws.com/Form3_files/0000899243-20-006592.txt
76,https://rf-bootcamp-2025.s3.us-west-2.amazonaws.com/Form3_files/0000899243-20-006900.txt
77,https://rf-bootcamp-2025.s3.us-west-2.amazonaws.com/Form3_files/0000899243-20-010707.txt
78,https://rf-bootcamp-2025.s3.us-west-2.amazonaws.com/Form3_files/0000899243-20-011536.txt
79,https://rf-bootcamp-2025.s3.us-west-2.amazonaws.com/Form3_files/0000899243-20-011658.txt
80,https://rf-bootcamp-2025.s3.us-west-2.amazonaws.com/Form3_files/0000899243-20-011666.txt
81,https://rf-bootcamp-2025.s3.us-west-2.amazonaws.com/Form3_files/0000899243-20-017719.txt
82,https://rf-bootcamp-2025.s3.us-west-2.amazonaws.com/Form3_files/0000899243-20-021706.txt
83,https://rf-bootcamp-2025.s3.us-west-2.amazonaws.com/Form3_files/0000899243-20-021713.txt
84,https://rf-bootcamp-2025.s3.us-west-2.amazonaws.com/Form3_files/0000899243-20-025419.txt
85,https://rf-bootcamp-2025.s3.us-west-2.amazonaws.com/Form3_files/0000899243-20-025608.txt
86,https://rf-bootcamp-2025.s3.us-west-2.amazonaws.com/Form3_files/0000899243-20-026254.txt
87,https://rf-bootcamp-2025.s3.us-west-2.amazonaws.com/Form3_files/0000899243-20-026992.txt
88,https://rf-bootcamp-2025.s3.us-west-2.amazonaws.com/Form3_files/0000899243-20-027874.txt
89,https://rf-bootcamp-2025.s3.us-west-2.amazonaws.com/Form3_files/0000899243-20-028226.txt
90,https://rf-bootcamp-2025.s3.us-west-2.amazonaws.com/Form3_files/0000899243-20-029123.txt
91,https://rf-bootcamp-2025.s3.us-west-2.amazonaws.com/Form3_files/0000899243-20-029440.txt
92,https://rf-bootcamp-2025.s3.us-west-2.amazonaws.com/Form3_files/0000899243-20-029448.txt
93,https://rf-bootcamp-2025.s3.us-west-2.amazonaws.com/Form3_files/0000899243-20-029993.txt
94,https://rf-bootcamp-2025.s3.us-west-2.amazonaws.com/Form3_files/0000899243-20-031135.txt
95,https://rf-bootcamp-2025.s3.us-west-2.amazonaws.com/Form3_files/0000899243-20-034860.txt
96,https://rf-bootcamp-2025.s3.us-west-2.amazonaws.com/Form3_files/0000899243-20-035018.txt
97,https://rf-bootcamp-2025.s3.us-west-2.amazonaws.com/Form3_files/0000899243-20-035302.txt
98,https://rf-bootcamp-2025.s3.us-west-2.amazonaws.com/Form3_files/0000899243-21-000598.txt
99,
100,https://rf-bootcamp-2025.s3.us-west-2.amazonaws.com/Form3_files/0000899243-21-001581.txt
101,https://rf-bootcamp-2025.s3.us-west-2.amazonaws.com/Form3_files/0000899243-21-003930.txt
102,https://rf-bootcamp-2025.s3.us-west-2.amazonaws.com/Form3_files/0000899243-21-004856.txt
103,https://rf-bootcamp-2025.s3.us-west-2.amazonaws.com/Form3_files/0000899243-21-005991.txt
104,https://rf-bootcamp-2025.s3.us-west-2.amazonaws.com/Form3_files/0000899243-21-008305.txt
105,https://rf-bootcamp-2025.s3.us-west-2.amazonaws.com/Form3_files/0000899243-21-008985.txt
106,https://rf-bootcamp-2025.s3.us-west-2.amazonaws.com/Form3_files/0000899243-21-009047.txt
107,https://rf-bootcamp-2025.s3.us-west-2.amazonaws.com/Form3_files/0000899243-21-009050.txt
108,https://rf-bootcamp-2025.s3.us-west-2.amazonaws.com/Form3_files/0000899243-21-009675.txt
109,https://rf-bootcamp-2025.s3.us-west-2.amazonaws.com/Form3_files/0000899243-21-010037.txt
110,https://rf-bootcamp-2025.s3.us-west-2.amazonaws.com/Form3_files/0000899243-21-013434.txt
111,https://rf-bootcamp-2025.s3.us-west-2.amazonaws.com/Form3_files/0000899243-21-013536.txt
112,https://rf-bootcamp-2025.s3.us-west-2.amazonaws.com/Form3_files/0000899243-21-013855.txt
113,https://rf-bootcamp-2025.s3.us-west-2.amazonaws.com/Form3_files/0000899243-21-018991.txt
114,https://rf-bootcamp-2025.s3.us-west-2.amazonaws.com/Form3_files/0000899243-21-019219.txt
115,https://rf-bootcamp-2025.s3.us-west-2.amazonaws.com/Form3_files/0000899243-21-019819.txt
116,https://rf-bootcamp-2025.s3.us-west-2.amazonaws.com/Form3_files/0000899243-21-022549.txt
117,https://rf-bootcamp-2025.s3.us-west-2.amazonaws.com/Form3_files/0000899243-21-022857.txt
118,https://rf-bootcamp-2025.s3.us-west-2.amazonaws.com/Form3_files/0000899243-21-023064.txt
119,https://rf-bootcamp-2025.s3.us-west-2.amazonaws.com/Form3_files/0000899243-21-024472.txt
120,https://rf-bootcamp-2025.s3.us-west-2.amazonaws.com/Form3_files/0000899243-21-024718.txt
121,https://rf-bootcamp-2025.s3.us-west-2.amazonaws.com/Form3_files/0000899243-21-028753.txt
122,https://rf-bootcamp-2025.s3.us-west-2.amazonaws.com/Form3_files/0000899243-21-029035.txt
123,https://rf-bootcamp-2025.s3.us-west-2.amazonaws.com/Form3_files/0000899243-21-029341.txt
124,https://rf-bootcamp-2025.s3.us-west-2.amazonaws.com/Form3_files/0000899243-21-030027.txt
125,https://rf-bootcamp-2025.s3.us-west-2.amazonaws.com/Form3_files/0000899243-21-032066.txt
126,https://rf-bootcamp-2025.s3.us-west-2.amazonaws.com/Form3_files/0000899243-21-033188.txt
127,https://rf-bootcamp-2025.s3.us-west-2.amazonaws.com/Form3_files/0000899243-21-034518.txt
128,https://rf-bootcamp-2025.s3.us-west-2.amazonaws.com/Form3_files/0000899243-21-035882.txt
129,https://rf-bootcamp-2025.s3.us-west-2.amazonaws.com/Form3_files/0000899243-21-036169.txt
130,https://rf-bootcamp-2025.s3.us-west-2.amazonaws.com/Form3_files/0000899243-21-036174.txt
131,https://rf-bootcamp-2025.s3.us-west-2.amazonaws.com/Form3_files/0000899243-21-038019.txt
132,https://rf-bootcamp-2025.s3.us-west-2.amazonaws.com/Form3_files/0000899243-21-038634.txt
133,https://rf-bootcamp-2025.s3.us-west-2.amazonaws.com/Form3_files/0000899243-21-039608.txt
134,https://rf-bootcamp-2025.s3.us-west-2.amazonaws.com/Form3_files/0000899243-21-039988.txt
135,https://rf-bootcamp-2025.s3.us-west-2.amazonaws.com/Form3_files/0000899243-21-040005.txt
136,https://rf-bootcamp-2025.s3.us-west-2.amazonaws.com/Form3_files/0000899243-21-041649.txt
137,https://rf-bootcamp-2025.s3.us-west-2.amazonaws.com/Form3_files/0000899243-21-041734.txt
138,https://rf-bootcamp-2025.s3.us-west-2.amazonaws.com/Form3_files/0000899243-21-041987.txt
139,https://rf-bootcamp-2025.s3.us-west-2.amazonaws.com/Form3_files/0000899243-21-043968.txt
140,https://rf-bootcamp-2025.s3.us-west-2.amazonaws.com/Form3_files/0000899243-21-044071.txt
141,https://rf-bootcamp-2025.s3.us-west-2.amazonaws.com/Form3_files/0000899243-21-044364.txt
142,https://rf-bootcamp-2025.s3.us-west-2.amazonaws.com/Form3_files/0000899243-21-044508.txt
143,https://rf-bootcamp-2025.s3.us-west-2.amazonaws.com/Form3_files/0000899243-21-044930.txt
144,https://rf-bootcamp-2025.s3.us-west-2.amazonaws.com/Form3_files/0000899243-21-047387.txt
145,https://rf-bootcamp-2025.s3.us-west-2.amazonaws.com/Form3_files/0000899243-21-049095.txt
146,https://rf-bootcamp-2025.s3.us-west-2.amazonaws.com/Form3_files/0000899243-22-001674.txt
147,https://rf-bootcamp-2025.s3.us-west-2.amazonaws.com/Form3_files/0000899243-22-002451.txt
148,https://rf-bootcamp-2025.s3.us-west-2.amazonaws.com/Form3_files/0000899243-22-002890.txt
149,https://rf-bootcamp-2025.s3.us-west-2.amazonaws.com/Form3_files/0000899243-22-005882.txt
150,https://rf-bootcamp-2025.s3.us-west-2.amazonaws.com/Form3_files/0000899243-22-008410.txt
151,https://rf-bootcamp-2025.s3.us-west-2.amazonaws.com/Form3_files/0000899243-22-010125.txt
152,https://rf-bootcamp-2025.s3.us-west-2.amazonaws.com/Form3_files/0000899243-22-011821.txt
153,https://rf-bootcamp-2025.s3.us-west-2.amazonaws.com/Form3_files/0000899243-22-023906.txt
154,https://rf-bootcamp-2025.s3.us-west-2.amazonaws.com/Form3_files/0000899243-22-025680.txt
155,https://rf-bootcamp-2025.s3.us-west-2.amazonaws.com/Form3_files/0000899243-22-025986.txt
156,https://rf-bootcamp-2025.s3.us-west-2.amazonaws.com/Form3_files/0000899243-22-026182.txt
157,https://rf-bootcamp-2025.s3.us-west-2.amazonaws.com/Form3_files/0000899243-22-026479.txt
158,https://rf-bootcamp-2025.s3.us-west-2.amazonaws.com/Form3_files/0000899243-22-028394.txt
159,https://rf-bootcamp-2025.s3.us-west-2.amazonaws.com/Form3_files/0000899243-22-029928.txt
160,https://rf-bootcamp-2025.s3.us-west-2.amazonaws.com/Form3_files/0000899243-22-031926.txt
161,https://rf-bootcamp-2025.s3.us-west-2.amazonaws.com/Form3_files/0000899243-22-034223.txt
162,https://rf-bootcamp-2025.s3.us-west-2.amazonaws.com/Form3_files/0000899243-22-037179.txt
163,https://rf-bootcamp-2025.s3.us-west-2.amazonaws.com/Form3_files/0000899243-22-037420.txt
164,https://rf-bootcamp-2025.s3.us-west-2.amazonaws.com/Form3_files/0000899243-23-001058.txt
165,https://rf-bootcamp-2025.s3.us-west-2.amazonaws.com/Form3_files/0000899243-23-001192.txt
166,https://rf-bootcamp-2025.s3.us-west-2.amazonaws.com/Form3_files/0000899243-23-002406.txt
167,https://rf-bootcamp-2025.s3.us-west-2.amazonaws.com/Form3_files/0000899243-23-003154.txt
168,https://rf-bootcamp-2025.s3.us-west-2.amazonaws.com/Form3_files/0000899243-23-004215.txt
169,https://rf-bootcamp-2025.s3.us-west-2.amazonaws.com/Form3_files/0000899243-23-004261.txt
170,https://rf-bootcamp-2025.s3.us-west-2.amazonaws.com/Form3_files/0000899243-23-008009.txt
171,https://rf-bootcamp-2025.s3.us-west-2.amazonaws.com/Form3_files/0000899243-23-010084.txt
172,https://rf-bootcamp-2025.s3.us-west-2.amazonaws.com/Form3_files/0000899243-23-012560.txt
173,https://rf-bootcamp-2025.s3.us-west-2.amazonaws.com/Form3_files/0000899243-23-014119.txt
174,https://rf-bootcamp-2025.s3.us-west-2.amazonaws.com/Form3_files/0000899243-23-016649.txt
175,https://rf-bootcamp-2025.s3.us-west-2.amazonaws.com/Form3_files/0000899243-23-016687.txt
176,https://rf-bootcamp-2025.s3.us-west-2.amazonaws.com/Form3_files/0000899243-23-018531.txt
177,https://rf-bootcamp-2025.s3.us-west-2.amazonaws.com/Form3_files/0000899243-23-018645.txt
178,https://rf-bootcamp-2025.s3.us-west-2.amazonaws.com/Form3_files/0000899243-23-019613.txt
179,https://rf-bootcamp-2025.s3.us-west-2.amazonaws.com/Form3_files/0000899751-19-000043.txt
180,https://rf-bootcamp-2025.s3.us-west-2.amazonaws.com/Form3_files/0000900440-20-000056.txt
181,https://rf-bootcamp-2025.s3.us-west-2.amazonaws.com/Form3_files/0000902664-18-003965.txt
182,https://rf-bootcamp-2025.s3.us-west-2.amazonaws.com/Form3_files/0000902664-19-001800.txt
183,https://rf-bootcamp-2025.s3.us-west-2.amazonaws.com/Form3_files/0000902664-19-003738.txt
184,https://rf-bootcamp-2025.s3.us-west-2.amazonaws.com/Form3_files/0000902664-19-004406.txt
185,https://rf-bootcamp-2025.s3.us-west-2.amazonaws.com/Form3_files/0000902664-19-004425.txt
186,https://rf-bootcamp-2025.s3.us-west-2.amazonaws.com/Form3_files/0000902664-20-002982.txt
187,https://rf-bootcamp-2025.s3.us-west-2.amazonaws.com/Form3_files/0000902664-20-003516.txt
188,https://rf-bootcamp-2025.s3.us-west-2.amazonaws.com/Form3_files/0000902664-21-000722.txt
189,https://rf-bootcamp-2025.s3.us-west-2.amazonaws.com/Form3_files/0000902664-22-001455.txt
190,https://rf-bootcamp-2025.s3.us-west-2.amazonaws.com/Form3_files/0000903423-18-000160.txt
191,https://rf-bootcamp-2025.s3.us-west-2.amazonaws.com/Form3_files/0000903423-18-000329.txt
192,https://rf-bootcamp-2025.s3.us-west-2.amazonaws.com/Form3_files/0000904454-18-000257.txt
193,https://rf-bootcamp-2025.s3.us-west-2.amazonaws.com/Form3_files/0000904454-18-000315.txt
194,https://rf-bootcamp-2025.s3.us-west-2.amazonaws.com/Form3_files/0000904454-20-000353.txt
195,https://rf-bootcamp-2025.s3.us-west-2.amazonaws.com/Form3_files/0000905148-21-000713.txt
196,https://rf-bootcamp-2025.s3.us-west-2.amazonaws.com/Form3_files/0000905148-23-001677.txt
197,https://rf-bootcamp-2025.s3.us-west-2.amazonaws.com/Form3_files/0000905718-21-001035.txt
198,https://rf-bootcamp-2025.s3.us-west-2.amazonaws.com/Form3_files/0000905718-21-001356.txt
199,https://rf-bootcamp-2025.s3.us-west-2.amazonaws.com/Form3_files/0000905729-22-000190.txt
200,https://rf-bootcamp-2025.s3.us-west-2.amazonaws.com/Form3_files/0000908662-18-000199.txt
201,https://rf-bootcamp-2025.s3.us-west-2.amazonaws.com/Form3_files/0000910406-19-000132.txt
202,https://rf-bootcamp-2025.s3.us-west-2.amazonaws.com/Form3_files/0000913760-21-000181.txt
203,https://rf-bootcamp-2025.s3.us-west-2.amazonaws.com/Form3_files/0000914190-18-000417.txt
204,https://rf-bootcamp-2025.s3.us-west-2.amazonaws.com/Form3_files/0000914851-18-000028.txt
205,https://rf-bootcamp-2025.s3.us-west-2.amazonaws.com/Form3_files/0000914851-19-000139.txt
206,https://rf-bootcamp-2025.s3.us-west-2.amazonaws.com/Form3_files/0000914851-22-000044.txt
207,https://rf-bootcamp-2025.s3.us-west-2.amazonaws.com/Form3_files/0000914851-24-000012.txt
208,https://rf-bootcamp-2025.s3.us-west-2.amazonaws.com/Form3_files/0000914851-24-000028.txt
209,https://rf-bootcamp-2025.s3.us-west-2.amazonaws.com/Form3_files/0000919574-19-005887.txt
210,https://rf-bootcamp-2025.s3.us-west-2.amazonaws.com/Form3_files/0000919574-19-006435.txt
211,https://rf-bootcamp-2025.s3.us-west-2.amazonaws.com/Form3_files/0000919574-21-004622.txt
212,https://rf-bootcamp-2025.s3.us-west-2.amazonaws.com/Form3_files/0000920465-20-000087.txt
213,https://rf-bootcamp-2025.s3.us-west-2.amazonaws.com/Form3_files/0000921895-19-000975.txt
214,https://rf-bootcamp-2025.s3.us-west-2.amazonaws.com/Form3_files/0000921895-21-000529.txt
215,https://rf-bootcamp-2025.s3.us-west-2.amazonaws.com/Form3_files/0000925421-20-000092.txt
216,https://rf-bootcamp-2025.s3.us-west-2.amazonaws.com/Form3_files/0000927089-19-000247.txt
217,https://rf-bootcamp-2025.s3.us-west-2.amazonaws.com/Form3_files/0000929638-23-003163.txt
218,https://rf-bootcamp-2025.s3.us-west-2.amazonaws.com/Form3_files/0000930413-19-002027.txt
219,https://rf-bootcamp-2025.s3.us-west-2.amazonaws.com/Form3_files/0000930413-23-002764.txt
220,https://rf-bootcamp-2025.s3.us-west-2.amazonaws.com/Form3_files/0000939930-18-000086.txt
221,https://rf-bootcamp-2025.s3.us-west-2.amazonaws.com/Form3_files/0000945621-23-000187.txt
222,https://rf-bootcamp-2025.s3.us-west-2.amazonaws.com/Form3_files/0000945764-21-000006.txt
223,https://rf-bootcamp-2025.s3.us-west-2.amazonaws.com/Form3_files/0000947871-20-000358.txt
224,https://rf-bootcamp-2025.s3.us-west-2.amazonaws.com/Form3_files/0000947871-22-000098.txt
225,https://rf-bootcamp-2025.s3.us-west-2.amazonaws.com/Form3_files/0000950103-19-014144.txt
226,https://rf-bootcamp-2025.s3.us-west-2.amazonaws.com/Form3_files/0000950103-20-018356.txt
227,https://rf-bootcamp-2025.s3.us-west-2.amazonaws.com/Form3_files/0000950103-20-023480.txt
228,https://rf-bootcamp-2025.s3.us-west-2.amazonaws.com/Form3_files/0000950103-21-002947.txt
229,https://rf-bootcamp-2025.s3.us-west-2.amazonaws.com/Form3_files/0000950103-21-004467.txt
230,https://rf-bootcamp-2025.s3.us-west-2.amazonaws.com/Form3_files/0000950103-21-005423.txt
231,https://rf-bootcamp-2025.s3.us-west-2.amazonaws.com/Form3_files/0000950103-21-011273.txt
232,https://rf-bootcamp-2025.s3.us-west-2.amazonaws.com/Form3_files/0000950103-21-017420.txt
233,https://rf-bootcamp-2025.s3.us-west-2.amazonaws.com/Form3_files/0000950138-19-000484.txt
234,https://rf-bootcamp-2025.s3.us-west-2.amazonaws.com/Form3_files/0000950142-20-001286.txt
235,https://rf-bootcamp-2025.s3.us-west-2.amazonaws.com/Form3_files/0000950142-21-000851.txt
236,https://rf-bootcamp-2025.s3.us-west-2.amazonaws.com/Form3_files/0000950142-21-000907.txt
237,https://rf-bootcamp-2025.s3.us-west-2.amazonaws.com/Form3_files/0000950142-21-000913.txt
238,https://rf-bootcamp-2025.s3.us-west-2.amazonaws.com/Form3_files/0000950142-21-001389.txt
239,https://rf-bootcamp-2025.s3.us-west-2.amazonaws.com/Form3_files/0000950142-21-001612.txt
240,https://rf-bootcamp-2025.s3.us-west-2.amazonaws.com/Form3_files/0000950142-21-003335.txt
241,https://rf-bootcamp-2025.s3.us-west-2.amazonaws.com/Form3_files/0000950142-21-004026.txt
242,https://rf-bootcamp-2025.s3.us-west-2.amazonaws.com/Form3_files/0000950170-23-052201.txt
243,https://rf-bootcamp-2025.s3.us-west-2.amazonaws.com/Form3_files/0000950170-23-062629.txt
244,https://rf-bootcamp-2025.s3.us-west-2.amazonaws.com/Form3_files/0000950170-24-004098.txt
245,https://rf-bootcamp-2025.s3.us-west-2.amazonaws.com/Form3_files/0000950170-24-010483.txt
246,https://rf-bootcamp-2025.s3.us-west-2.amazonaws.com/Form3_files/0000950170-24-012475.txt
247,https://rf-bootcamp-2025.s3.us-west-2.amazonaws.com/Form3_files/0001012975-18-000731.txt
248,https://rf-bootcamp-2025.s3.us-west-2.amazonaws.com/Form3_files/0001012975-19-000337.txt
249,https://rf-bootcamp-2025.s3.us-west-2.amazonaws.com/Form3_files/0001013594-20-000160.txt
250,https://rf-bootcamp-2025.s3.us-west-2.amazonaws.com/Form3_files/0001014108-19-000071.txt
251,https://rf-bootcamp-2025.s3.us-west-2.amazonaws.com/Form3_files/0001014108-19-000123.txt
252,https://rf-bootcamp-2025.s3.us-west-2.amazonaws.com/Form3_files/0001022652-21-000058.txt
253,https://rf-bootcamp-2025.s3.us-west-2.amazonaws.com/Form3_files/0001038357-22-000108.txt
254,https://rf-bootcamp-2025.s3.us-west-2.amazonaws.com/Form3_files/0001047340-22-000188.txt
255,https://rf-bootcamp-2025.s3.us-west-2.amazonaws.com/Form3_files/0001050915-22-000107.txt
256,https://rf-bootcamp-2025.s3.us-west-2.amazonaws.com/Form3_files/0001057877-19-000117.txt
257,https://rf-bootcamp-2025.s3.us-west-2.amazonaws.com/Form3_files/0001062993-20-002665.txt
258,https://rf-bootcamp-2025.s3.us-west-2.amazonaws.com/Form3_files/0001062993-20-006195.txt
259,https://rf-bootcamp-2025.s3.us-west-2.amazonaws.com/Form3_files/0001062993-21-001384.txt
260,https://rf-bootcamp-2025.s3.us-west-2.amazonaws.com/Form3_files/0001062993-21-005314.txt
261,https://rf-bootcamp-2025.s3.us-west-2.amazonaws.com/Form3_files/0001062993-21-005785.txt
262,https://rf-bootcamp-2025.s3.us-west-2.amazonaws.com/Form3_files/0001062993-21-010937.txt
263,https://rf-bootcamp-2025.s3.us-west-2.amazonaws.com/Form3_files/0001062993-21-012353.txt
264,https://rf-bootcamp-2025.s3.us-west-2.amazonaws.com/Form3_files/0001062993-22-001206.txt
265,https://rf-bootcamp-2025.s3.us-west-2.amazonaws.com/Form3_files/0001062993-22-002353.txt
266,https://rf-bootcamp-2025.s3.us-west-2.amazonaws.com/Form3_files/0001062993-22-002712.txt
267,https://rf-bootcamp-2025.s3.us-west-2.amazonaws.com/Form3_files/0001062993-22-007503.txt
268,https://rf-bootcamp-2025.s3.us-west-2.amazonaws.com/Form3_files/0001062993-22-010112.txt
269,https://rf-bootcamp-2025.s3.us-west-2.amazonaws.com/Form3_files/0001062993-22-010502.txt
270,https://rf-bootcamp-2025.s3.us-west-2.amazonaws.com/Form3_files/0001062993-22-010889.txt
271,https://rf-bootcamp-2025.s3.us-west-2.amazonaws.com/Form3_files/0001062993-22-012990.txt
272,https://rf-bootcamp-2025.s3.us-west-2.amazonaws.com/Form3_files/0001062993-22-016227.txt
273,https://rf-bootcamp-2025.s3.us-west-2.amazonaws.com/Form3_files/0001062993-23-005547.txt
274,https://rf-bootcamp-2025.s3.us-west-2.amazonaws.com/Form3_files/0001062993-23-009927.txt
275,https://rf-bootcamp-2025.s3.us-west-2.amazonaws.com/Form3_files/0001062993-23-014616.txt
276,https://rf-bootcamp-2025.s3.us-west-2.amazonaws.com/Form3_files/0001068875-20-000071.txt
277,https://rf-bootcamp-2025.s3.us-west-2.amazonaws.com/Form3_files/0001071993-20-000027.txt
278,https://rf-bootcamp-2025.s3.us-west-2.amazonaws.com/Form3_files/0001079973-21-001184.txt
279,https://rf-bootcamp-2025.s3.us-west-2.amazonaws.com/Form3_files/0001079973-22-001152.txt
280,https://rf-bootcamp-2025.s3.us-west-2.amazonaws.com/Form3_files/0001085146-22-003275.txt
281,https://rf-bootcamp-2025.s3.us-west-2.amazonaws.com/Form3_files/0001091818-19-000117.txt
282,https://rf-bootcamp-2025.s3.us-west-2.amazonaws.com/Form3_files/0001091818-19-000298.txt
283,https://rf-bootcamp-2025.s3.us-west-2.amazonaws.com/Form3_files/0001091818-20-000159.txt
284,https://rf-bootcamp-2025.s3.us-west-2.amazonaws.com/Form3_files/0001094739-18-000006.txt
285,https://rf-bootcamp-2025.s3.us-west-2.amazonaws.com/Form3_files/0001094891-21-000124.txt
286,https://rf-bootcamp-2025.s3.us-west-2.amazonaws.com/Form3_files/0001096906-23-001930.txt
287,https://rf-bootcamp-2025.s3.us-west-2.amazonaws.com/Form3_files/0001099910-19-000062.txt
288,https://rf-bootcamp-2025.s3.us-west-2.amazonaws.com/Form3_files/0001101215-20-000115.txt
289,https://rf-bootcamp-2025.s3.us-west-2.amazonaws.com/Form3_files/0001104659-18-000096.txt
290,https://rf-bootcamp-2025.s3.us-west-2.amazonaws.com/Form3_files/0001104659-18-008099.txt
291,https://rf-bootcamp-2025.s3.us-west-2.amazonaws.com/Form3_files/0001104659-18-008111.txt
292,https://rf-bootcamp-2025.s3.us-west-2.amazonaws.com/Form3_files/0001104659-18-015621.txt
293,https://rf-bootcamp-2025.s3.us-west-2.amazonaws.com/Form3_files/0001104659-18-023151.txt
294,https://rf-bootcamp-2025.s3.us-west-2.amazonaws.com/Form3_files/0001104659-18-030377.txt
295,https://rf-bootcamp-2025.s3.us-west-2.amazonaws.com/Form3_files/0001104659-18-034868.txt
296,https://rf-bootcamp-2025.s3.us-west-2.amazonaws.com/Form3_files/0001104659-18-042067.txt
297,https://rf-bootcamp-2025.s3.us-west-2.amazonaws.com/Form3_files/0001104659-18-044179.txt
298,https://rf-bootcamp-2025.s3.us-west-2.amazonaws.com/Form3_files/0001104659-18-061117.txt
299,https://rf-bootcamp-2025.s3.us-west-2.amazonaws.com/Form3_files/0001104659-18-063707.txt
300,https://rf-bootcamp-2025.s3.us-west-2.amazonaws.com/Form3_files/0001104659-19-000895.txt
301,https://rf-bootcamp-2025.s3.us-west-2.amazonaws.com/Form3_files/0001104659-19-014912.txt
302,https://rf-bootcamp-2025.s3.us-west-2.amazonaws.com/Form3_files/0001104659-19-022007.txt
303,https://rf-bootcamp-2025.s3.us-west-2.amazonaws.com/Form3_files/0001104659-19-027943.txt
304,https://rf-bootcamp-2025.s3.us-west-2.amazonaws.com/Form3_files/0001104659-19-031224.txt
305,https://rf-bootcamp-2025.s3.us-west-2.amazonaws.com/Form3_files/0001104659-19-049959.txt
306,https://rf-bootcamp-2025.s3.us-west-2.amazonaws.com/Form3_files/0001104659-19-050617.txt
307,https://rf-bootcamp-2025.s3.us-west-2.amazonaws.com/Form3_files/0001104659-19-053612.txt
308,https://rf-bootcamp-2025.s3.us-west-2.amazonaws.com/Form3_files/0001104659-20-023384.txt
309,https://rf-bootcamp-2025.s3.us-west-2.amazonaws.com/Form3_files/0001104659-20-023958.txt
310,https://rf-bootcamp-2025.s3.us-west-2.amazonaws.com/Form3_files/0001104659-20-069155.txt
311,https://rf-bootcamp-2025.s3.us-west-2.amazonaws.com/Form3_files/0001104659-20-075376.txt
312,https://rf-bootcamp-2025.s3.us-west-2.amazonaws.com/Form3_files/0001104659-20-087928.txt
313,https://rf-bootcamp-2025.s3.us-west-2.amazonaws.com/Form3_files/0001104659-20-092466.txt
314,https://rf-bootcamp-2025.s3.us-west-2.amazonaws.com/Form3_files/0001104659-20-094175.txt
315,https://rf-bootcamp-2025.s3.us-west-2.amazonaws.com/Form3_files/0001104659-20-103975.txt
316,https://rf-bootcamp-2025.s3.us-west-2.amazonaws.com/Form3_files/0001104659-20-113183.txt
317,https://rf-bootcamp-2025.s3.us-west-2.amazonaws.com/Form3_files/0001104659-20-117233.txt
318,https://rf-bootcamp-2025.s3.us-west-2.amazonaws.com/Form3_files/0001104659-20-131170.txt
319,https://rf-bootcamp-2025.s3.us-west-2.amazonaws.com/Form3_files/0001104659-21-000471.txt
320,https://rf-bootcamp-2025.s3.us-west-2.amazonaws.com/Form3_files/0001104659-21-005828.txt
321,https://rf-bootcamp-2025.s3.us-west-2.amazonaws.com/Form3_files/0001104659-21-007203.txt
322,https://rf-bootcamp-2025.s3.us-west-2.amazonaws.com/Form3_files/0001104659-21-008895.txt
323,https://rf-bootcamp-2025.s3.us-west-2.amazonaws.com/Form3_files/0001104659-21-011756.txt
324,https://rf-bootcamp-2025.s3.us-west-2.amazonaws.com/Form3_files/0001104659-21-012440.txt
325,https://rf-bootcamp-2025.s3.us-west-2.amazonaws.com/Form3_files/0001104659-21-012474.txt
326,https://rf-bootcamp-2025.s3.us-west-2.amazonaws.com/Form3_files/0001104659-21-021015.txt
327,https://rf-bootcamp-2025.s3.us-west-2.amazonaws.com/Form3_files/0001104659-21-025115.txt
328,https://rf-bootcamp-2025.s3.us-west-2.amazonaws.com/Form3_files/0001104659-21-028475.txt
329,https://rf-bootcamp-2025.s3.us-west-2.amazonaws.com/Form3_files/0001104659-21-037956.txt
330,https://rf-bootcamp-2025.s3.us-west-2.amazonaws.com/Form3_files/0001104659-21-057860.txt
331,https://rf-bootcamp-2025.s3.us-west-2.amazonaws.com/Form3_files/0001104659-21-063876.txt
332,https://rf-bootcamp-2025.s3.us-west-2.amazonaws.com/Form3_files/0001104659-21-068376.txt
333,https://rf-bootcamp-2025.s3.us-west-2.amazonaws.com/Form3_files/0001104659-21-070068.txt
334,https://rf-bootcamp-2025.s3.us-west-2.amazonaws.com/Form3_files/0001104659-21-073471.txt
335,https://rf-bootcamp-2025.s3.us-west-2.amazonaws.com/Form3_files/0001104659-21-073494.txt
336,https://rf-bootcamp-2025.s3.us-west-2.amazonaws.com/Form3_files/0001104659-21-080900.txt
337,https://rf-bootcamp-2025.s3.us-west-2.amazonaws.com/Form3_files/0001104659-21-085313.txt
338,https://rf-bootcamp-2025.s3.us-west-2.amazonaws.com/Form3_files/0001104659-21-092245.txt
339,https://rf-bootcamp-2025.s3.us-west-2.amazonaws.com/Form3_files/0001104659-21-092294.txt
340,https://rf-bootcamp-2025.s3.us-west-2.amazonaws.com/Form3_files/0001104659-21-092300.txt
341,https://rf-bootcamp-2025.s3.us-west-2.amazonaws.com/Form3_files/0001104659-21-099673.txt
342,https://rf-bootcamp-2025.s3.us-west-2.amazonaws.com/Form3_files/0001104659-21-124814.txt
343,https://rf-bootcamp-2025.s3.us-west-2.amazonaws.com/Form3_files/0001104659-21-145598.txt
344,https://rf-bootcamp-2025.s3.us-west-2.amazonaws.com/Form3_files/0001104659-21-148788.txt
345,https://rf-bootcamp-2025.s3.us-west-2.amazonaws.com/Form3_files/0001104659-21-150730.txt
346,https://rf-bootcamp-2025.s3.us-west-2.amazonaws.com/Form3_files/0001104659-22-005401.txt
347,https://rf-bootcamp-2025.s3.us-west-2.amazonaws.com/Form3_files/0001104659-22-046027.txt
348,https://rf-bootcamp-2025.s3.us-west-2.amazonaws.com/Form3_files/0001104659-22-056004.txt
349,https://rf-bootcamp-2025.s3.us-west-2.amazonaws.com/Form3_files/0001104659-22-063984.txt
350,https://rf-bootcamp-2025.s3.us-west-2.amazonaws.com/Form3_files/0001104659-22-065168.txt
351,https://rf-bootcamp-2025.s3.us-west-2.amazonaws.com/Form3_files/0001104659-22-079650.txt
352,https://rf-bootcamp-2025.s3.us-west-2.amazonaws.com/Form3_files/0001104659-22-090134.txt
353,https://rf-bootcamp-2025.s3.us-west-2.amazonaws.com/Form3_files/0001104659-22-092963.txt
354,https://rf-bootcamp-2025.s3.us-west-2.amazonaws.com/Form3_files/0001104659-22-107041.txt
355,https://rf-bootcamp-2025.s3.us-west-2.amazonaws.com/Form3_files/0001104659-22-116470.txt
356,https://rf-bootcamp-2025.s3.us-west-2.amazonaws.com/Form3_files/0001104659-22-126757.txt
357,https://rf-bootcamp-2025.s3.us-west-2.amazonaws.com/Form3_files/0001104659-23-001902.txt
358,https://rf-bootcamp-2025.s3.us-west-2.amazonaws.com/Form3_files/0001104659-23-003582.txt
359,https://rf-bootcamp-2025.s3.us-west-2.amazonaws.com/Form3_files/0001104659-23-032070.txt
360,https://rf-bootcamp-2025.s3.us-west-2.amazonaws.com/Form3_files/0001104659-23-083562.txt
361,https://rf-bootcamp-2025.s3.us-west-2.amazonaws.com/Form3_files/0001104659-23-086312.txt
362,https://rf-bootcamp-2025.s3.us-west-2.amazonaws.com/Form3_files/0001104659-23-099455.txt
363,https://rf-bootcamp-2025.s3.us-west-2.amazonaws.com/Form3_files/0001104659-23-100544.txt
364,https://rf-bootcamp-2025.s3.us-west-2.amazonaws.com/Form3_files/0001104659-23-128721.txt
365,https://rf-bootcamp-2025.s3.us-west-2.amazonaws.com/Form3_files/0001104659-24-000982.txt
366,https://rf-bootcamp-2025.s3.us-west-2.amazonaws.com/Form3_files/0001118417-20-000157.txt
367,https://rf-bootcamp-2025.s3.us-west-2.amazonaws.com/Form3_files/0001123292-21-001442.txt
368,https://rf-bootcamp-2025.s3.us-west-2.amazonaws.com/Form3_files/0001127602-18-016133.txt
369,https://rf-bootcamp-2025.s3.us-west-2.amazonaws.com/Form3_files/0001127602-18-019921.txt
370,https://rf-bootcamp-2025.s3.us-west-2.amazonaws.com/Form3_files/0001127602-18-027111.txt
371,https://rf-bootcamp-2025.s3.us-west-2.amazonaws.com/Form3_files/0001127602-18-028764.txt
372,https://rf-bootcamp-2025.s3.us-west-2.amazonaws.com/Form3_files/0001127602-19-006064.txt
373,https://rf-bootcamp-2025.s3.us-west-2.amazonaws.com/Form3_files/0001127602-19-013141.txt
374,https://rf-bootcamp-2025.s3.us-west-2.amazonaws.com/Form3_files/0001127602-19-018465.txt
375,https://rf-bootcamp-2025.s3.us-west-2.amazonaws.com/Form3_files/0001127602-19-021108.txt
376,https://rf-bootcamp-2025.s3.us-west-2.amazonaws.com/Form3_files/0001127602-19-024589.txt
377,https://rf-bootcamp-2025.s3.us-west-2.amazonaws.com/Form3_files/0001127602-19-026285.txt
378,https://rf-bootcamp-2025.s3.us-west-2.amazonaws.com/Form3_files/0001127602-19-026563.txt
379,https://rf-bootcamp-2025.s3.us-west-2.amazonaws.com/Form3_files/0001127602-19-027217.txt
380,https://rf-bootcamp-2025.s3.us-west-2.amazonaws.com/Form3_files/0001127602-20-001294.txt
381,https://rf-bootcamp-2025.s3.us-west-2.amazonaws.com/Form3_files/0001127602-20-002170.txt
382,https://rf-bootcamp-2025.s3.us-west-2.amazonaws.com/Form3_files/0001127602-20-004036.txt
383,https://rf-bootcamp-2025.s3.us-west-2.amazonaws.com/Form3_files/0001127602-20-021371.txt
384,https://rf-bootcamp-2025.s3.us-west-2.amazonaws.com/Form3_files/0001127602-20-026738.txt
385,https://rf-bootcamp-2025.s3.us-west-2.amazonaws.com/Form3_files/0001127602-20-032427.txt
386,https://rf-bootcamp-2025.s3.us-west-2.amazonaws.com/Form3_files/0001127602-20-032546.txt
387,https://rf-bootcamp-2025.s3.us-west-2.amazonaws.com/Form3_files/0001127602-21-021732.txt
388,https://rf-bootcamp-2025.s3.us-west-2.amazonaws.com/Form3_files/0001127602-21-026336.txt
389,https://rf-bootcamp-2025.s3.us-west-2.amazonaws.com/Form3_files/0001127602-21-027706.txt
390,https://rf-bootcamp-2025.s3.us-west-2.amazonaws.com/Form3_files/0001127602-21-028747.txt
391,https://rf-bootcamp-2025.s3.us-west-2.amazonaws.com/Form3_files/0001127602-22-008991.txt
392,https://rf-bootcamp-2025.s3.us-west-2.amazonaws.com/Form3_files/0001127602-22-016188.txt
393,https://rf-bootcamp-2025.s3.us-west-2.amazonaws.com/Form3_files/0001127602-22-021948.txt
394,https://rf-bootcamp-2025.s3.us-west-2.amazonaws.com/Form3_files/0001127602-23-026220.txt
395,https://rf-bootcamp-2025.s3.us-west-2.amazonaws.com/Form3_files/0001140361-18-005873.txt
396,https://rf-bootcamp-2025.s3.us-west-2.amazonaws.com/Form3_files/0001140361-18-016420.txt
397,https://rf-bootcamp-2025.s3.us-west-2.amazonaws.com/Form3_files/0001140361-18-017849.txt
398,https://rf-bootcamp-2025.s3.us-west-2.amazonaws.com/Form3_files/0001140361-18-024431.txt
399,https://rf-bootcamp-2025.s3.us-west-2.amazonaws.com/Form3_files/0001140361-18-030221.txt
400,https://rf-bootcamp-2025.s3.us-west-2.amazonaws.com/Form3_files/0001140361-19-011857.txt
401,https://rf-bootcamp-2025.s3.us-west-2.amazonaws.com/Form3_files/0001140361-19-022638.txt
402,https://rf-bootcamp-2025.s3.us-west-2.amazonaws.com/Form3_files/0001140361-20-015902.txt
403,https://rf-bootcamp-2025.s3.us-west-2.amazonaws.com/Form3_files/0001140361-20-021345.txt
404,https://rf-bootcamp-2025.s3.us-west-2.amazonaws.com/Form3_files/0001140361-20-022188.txt
405,https://rf-bootcamp-2025.s3.us-west-2.amazonaws.com/Form3_files/0001140361-20-022348.txt
406,https://rf-bootcamp-2025.s3.us-west-2.amazonaws.com/Form3_files/0001140361-20-027727.txt
407,https://rf-bootcamp-2025.s3.us-west-2.amazonaws.com/Form3_files/0001140361-21-009155.txt
408,https://rf-bootcamp-2025.s3.us-west-2.amazonaws.com/Form3_files/0001140361-21-012399.txt
409,https://rf-bootcamp-2025.s3.us-west-2.amazonaws.com/Form3_files/0001140361-21-025743.txt
410,https://rf-bootcamp-2025.s3.us-west-2.amazonaws.com/Form3_files/0001140361-21-028163.txt
411,https://rf-bootcamp-2025.s3.us-west-2.amazonaws.com/Form3_files/0001140361-21-031380.txt
412,https://rf-bootcamp-2025.s3.us-west-2.amazonaws.com/Form3_files/0001140361-21-035691.txt
413,https://rf-bootcamp-2025.s3.us-west-2.amazonaws.com/Form3_files/0001140361-22-001397.txt
414,https://rf-bootcamp-2025.s3.us-west-2.amazonaws.com/Form3_files/0001140361-22-004641.txt
415,https://rf-bootcamp-2025.s3.us-west-2.amazonaws.com/Form3_files/0001140361-22-006081.txt
416,https://rf-bootcamp-2025.s3.us-west-2.amazonaws.com/Form3_files/0001140361-22-040054.txt
417,https://rf-bootcamp-2025.s3.us-west-2.amazonaws.com/Form3_files/0001140361-23-012551.txt
418,https://rf-bootcamp-2025.s3.us-west-2.amazonaws.com/Form3_files/0001140361-23-032537.txt
419,https://rf-bootcamp-2025.s3.us-west-2.amazonaws.com/Form3_files/0001140361-23-042308.txt
420,https://rf-bootcamp-2025.s3.us-west-2.amazonaws.com/Form3_files/0001140361-23-057228.txt
421,https://rf-bootcamp-2025.s3.us-west-2.amazonaws.com/Form3_files/0001144204-18-006719.txt
422,https://rf-bootcamp-2025.s3.us-west-2.amazonaws.com/Form3_files/0001144204-18-015030.txt
423,https://rf-bootcamp-2025.s3.us-west-2.amazonaws.com/Form3_files/0001144204-18-015481.txt
424,https://rf-bootcamp-2025.s3.us-west-2.amazonaws.com/Form3_files/0001144204-18-030506.txt
425,https://rf-bootcamp-2025.s3.us-west-2.amazonaws.com/Form3_files/0001144204-18-035616.txt
426,https://rf-bootcamp-2025.s3.us-west-2.amazonaws.com/Form3_files/0001144204-18-037984.txt
427,https://rf-bootcamp-2025.s3.us-west-2.amazonaws.com/Form3_files/0001144204-18-039971.txt
428,https://rf-bootcamp-2025.s3.us-west-2.amazonaws.com/Form3_files/0001144204-19-008043.txt
429,https://rf-bootcamp-2025.s3.us-west-2.amazonaws.com/Form3_files/0001144204-19-031965.txt
430,https://rf-bootcamp-2025.s3.us-west-2.amazonaws.com/Form3_files/0001144204-19-038306.txt
431,https://rf-bootcamp-2025.s3.us-west-2.amazonaws.com/Form3_files/0001144980-19-000002.txt
432,https://rf-bootcamp-2025.s3.us-west-2.amazonaws.com/Form3_files/0001162194-18-000066.txt
433,https://rf-bootcamp-2025.s3.us-west-2.amazonaws.com/Form3_files/0001164727-19-000110.txt
434,https://rf-bootcamp-2025.s3.us-west-2.amazonaws.com/Form3_files/0001175535-22-000034.txt
435,https://rf-bootcamp-2025.s3.us-west-2.amazonaws.com/Form3_files/0001179110-18-003671.txt
436,https://rf-bootcamp-2025.s3.us-west-2.amazonaws.com/Form3_files/0001179110-18-008616.txt
437,https://rf-bootcamp-2025.s3.us-west-2.amazonaws.com/Form3_files/0001179110-18-010602.txt
438,https://rf-bootcamp-2025.s3.us-west-2.amazonaws.com/Form3_files/0001179110-19-000765.txt
439,https://rf-bootcamp-2025.s3.us-west-2.amazonaws.com/Form3_files/0001179110-19-001028.txt
440,https://rf-bootcamp-2025.s3.us-west-2.amazonaws.com/Form3_files/0001179110-19-005298.txt
441,https://rf-bootcamp-2025.s3.us-west-2.amazonaws.com/Form3_files/0001179110-19-009429.txt
442,https://rf-bootcamp-2025.s3.us-west-2.amazonaws.com/Form3_files/0001179110-19-010250.txt
443,https://rf-bootcamp-2025.s3.us-west-2.amazonaws.com/Form3_files/0001179110-19-010327.txt
444,https://rf-bootcamp-2025.s3.us-west-2.amazonaws.com/Form3_files/0001179110-20-000711.txt
445,https://rf-bootcamp-2025.s3.us-west-2.amazonaws.com/Form3_files/0001179110-20-011141.txt
446,https://rf-bootcamp-2025.s3.us-west-2.amazonaws.com/Form3_files/0001179124-21-000030.txt
447,https://rf-bootcamp-2025.s3.us-west-2.amazonaws.com/Form3_files/0001182489-21-000033.txt
448,https://rf-bootcamp-2025.s3.us-west-2.amazonaws.com/Form3_files/0001185185-24-000008.txt
449,https://rf-bootcamp-2025.s3.us-west-2.amazonaws.com/Form3_files/0001186165-20-000005.txt
450,https://rf-bootcamp-2025.s3.us-west-2.amazonaws.com/Form3_files/0001193805-19-000658.txt
451,https://rf-bootcamp-2025.s3.us-west-2.amazonaws.com/Form3_files/0001209191-18-000709.txt
452,https://rf-bootcamp-2025.s3.us-west-2.amazonaws.com/Form3_files/0001209191-18-017608.txt
453,https://rf-bootcamp-2025.s3.us-west-2.amazonaws.com/Form3_files/0001209191-18-024804.txt
454,https://rf-bootcamp-2025.s3.us-west-2.amazonaws.com/Form3_files/0001209191-18-025304.txt
455,https://rf-bootcamp-2025.s3.us-west-2.amazonaws.com/Form3_files/0001209191-18-025392.txt
456,https://rf-bootcamp-2025.s3.us-west-2.amazonaws.com/Form3_files/0001209191-18-025435.txt
457,https://rf-bootcamp-2025.s3.us-west-2.amazonaws.com/Form3_files/0001209191-18-026333.txt
458,https://rf-bootcamp-2025.s3.us-west-2.amazonaws.com/Form3_files/0001209191-18-029389.txt
459,https://rf-bootcamp-2025.s3.us-west-2.amazonaws.com/Form3_files/0001209191-18-032188.txt
460,https://rf-bootcamp-2025.s3.us-west-2.amazonaws.com/Form3_files/0001209191-18-032362.txt
461,https://rf-bootcamp-2025.s3.us-west-2.amazonaws.com/Form3_files/0001209191-18-039359.txt
462,https://rf-bootcamp-2025.s3.us-west-2.amazonaws.com/Form3_files/0001209191-18-039609.txt
463,https://rf-bootcamp-2025.s3.us-west-2.amazonaws.com/Form3_files/0001209191-18-042856.txt
464,https://rf-bootcamp-2025.s3.us-west-2.amazonaws.com/Form3_files/0001209191-18-043189.txt
465,https://rf-bootcamp-2025.s3.us-west-2.amazonaws.com/Form3_files/0001209191-18-043376.txt
466,https://rf-bootcamp-2025.s3.us-west-2.amazonaws.com/Form3_files/0001209191-18-050697.txt
467,https://rf-bootcamp-2025.s3.us-west-2.amazonaws.com/Form3_files/0001209191-18-052298.txt
468,https://rf-bootcamp-2025.s3.us-west-2.amazonaws.com/Form3_files/0001209191-18-052349.txt
469,https://rf-bootcamp-2025.s3.us-west-2.amazonaws.com/Form3_files/0001209191-18-054760.txt
470,https://rf-bootcamp-2025.s3.us-west-2.amazonaws.com/Form3_files/0001209191-18-055159.txt
471,https://rf-bootcamp-2025.s3.us-west-2.amazonaws.com/Form3_files/0001209191-18-056116.txt
472,https://rf-bootcamp-2025.s3.us-west-2.amazonaws.com/Form3_files/0001209191-18-056593.txt
473,https://rf-bootcamp-2025.s3.us-west-2.amazonaws.com/Form3_files/0001209191-19-002317.txt
474,https://rf-bootcamp-2025.s3.us-west-2.amazonaws.com/Form3_files/0001209191-19-002332.txt
475,https://rf-bootcamp-2025.s3.us-west-2.amazonaws.com/Form3_files/0001209191-19-002824.txt
476,https://rf-bootcamp-2025.s3.us-west-2.amazonaws.com/Form3_files/0001209191-19-003030.txt
477,https://rf-bootcamp-2025.s3.us-west-2.amazonaws.com/Form3_files/0001209191-19-005981.txt
478,https://rf-bootcamp-2025.s3.us-west-2.amazonaws.com/Form3_files/0001209191-19-007259.txt
479,https://rf-bootcamp-2025.s3.us-west-2.amazonaws.com/Form3_files/0001209191-19-008260.txt
480,https://rf-bootcamp-2025.s3.us-west-2.amazonaws.com/Form3_files/0001209191-19-008266.txt
481,https://rf-bootcamp-2025.s3.us-west-2.amazonaws.com/Form3_files/0001209191-19-008291.txt
482,https://rf-bootcamp-2025.s3.us-west-2.amazonaws.com/Form3_files/0001209191-19-014869.txt
483,https://rf-bootcamp-2025.s3.us-west-2.amazonaws.com/Form3_files/0001209191-19-017529.txt
484,https://rf-bootcamp-2025.s3.us-west-2.amazonaws.com/Form3_files/0001209191-19-018098.txt
485,https://rf-bootcamp-2025.s3.us-west-2.amazonaws.com/Form3_files/0001209191-19-020065.txt
486,https://rf-bootcamp-2025.s3.us-west-2.amazonaws.com/Form3_files/0001209191-19-023228.txt
487,https://rf-bootcamp-2025.s3.us-west-2.amazonaws.com/Form3_files/0001209191-19-023509.txt
488,https://rf-bootcamp-2025.s3.us-west-2.amazonaws.com/Form3_files/0001209191-19-023536.txt
489,https://rf-bootcamp-2025.s3.us-west-2.amazonaws.com/Form3_files/0001209191-19-023943.txt
490,https://rf-bootcamp-2025.s3.us-west-2.amazonaws.com/Form3_files/0001209191-19-024865.txt
491,https://rf-bootcamp-2025.s3.us-west-2.amazonaws.com/Form3_files/0001209191-19-029364.txt
492,https://rf-bootcamp-2025.s3.us-west-2.amazonaws.com/Form3_files/0001209191-19-030620.txt
493,https://rf-bootcamp-2025.s3.us-west-2.amazonaws.com/Form3_files/0001209191-19-033977.txt
494,https://rf-bootcamp-2025.s3.us-west-2.amazonaws.com/Form3_files/0001209191-19-034541.txt
495,https://rf-bootcamp-2025.s3.us-west-2.amazonaws.com/Form3_files/0001209191-19-034714.txt
496,https://rf-bootcamp-2025.s3.us-west-2.amazonaws.com/Form3_files/0001209191-19-034831.txt
497,https://rf-bootcamp-2025.s3.us-west-2.amazonaws.com/Form3_files/0001209191-19-035155.txt
498,https://rf-bootcamp-2025.s3.us-west-2.amazonaws.com/Form3_files/0001209191-19-035750.txt
499,https://rf-bootcamp-2025.s3.us-west-2.amazonaws.com/Form3_files/0001209191-19-037647.txt
500,https://rf-bootcamp-2025.s3.us-west-2.amazonaws.com/Form3_files/0001209191-19-039135.txt
501,https://rf-bootcamp-2025.s3.us-west-2.amazonaws.com/Form3_files/0001209191-19-043046.txt
502,https://rf-bootcamp-2025.s3.us-west-2.amazonaws.com/Form3_files/0001209191-19-043250.txt
503,https://rf-bootcamp-2025.s3.us-west-2.amazonaws.com/Form3_files/0001209191-19-044441.txt
504,https://rf-bootcamp-2025.s3.us-west-2.amazonaws.com/Form3_files/0001209191-19-047807.txt
505,https://rf-bootcamp-2025.s3.us-west-2.amazonaws.com/Form3_files/0001209191-19-049164.txt
506,https://rf-bootcamp-2025.s3.us-west-2.amazonaws.com/Form3_files/0001209191-19-050664.txt
507,https://rf-bootcamp-2025.s3.us-west-2.amazonaws.com/Form3_files/0001209191-19-054741.txt
508,https://rf-bootcamp-2025.s3.us-west-2.amazonaws.com/Form3_files/0001209191-19-057246.txt
509,https://rf-bootcamp-2025.s3.us-west-2.amazonaws.com/Form3_files/0001209191-19-057487.txt
510,https://rf-bootcamp-2025.s3.us-west-2.amazonaws.com/Form3_files/0001209191-20-003218.txt
511,https://rf-bootcamp-2025.s3.us-west-2.amazonaws.com/Form3_files/0001209191-20-003232.txt
512,https://rf-bootcamp-2025.s3.us-west-2.amazonaws.com/Form3_files/0001209191-20-008599.txt
513,https://rf-bootcamp-2025.s3.us-west-2.amazonaws.com/Form3_files/0001209191-20-017001.txt
514,https://rf-bootcamp-2025.s3.us-west-2.amazonaws.com/Form3_files/0001209191-20-018209.txt
515,https://rf-bootcamp-2025.s3.us-west-2.amazonaws.com/Form3_files/0001209191-20-021473.txt
516,https://rf-bootcamp-2025.s3.us-west-2.amazonaws.com/Form3_files/0001209191-20-021615.txt
517,https://rf-bootcamp-2025.s3.us-west-2.amazonaws.com/Form3_files/0001209191-20-023651.txt
518,https://rf-bootcamp-2025.s3.us-west-2.amazonaws.com/Form3_files/0001209191-20-025163.txt
519,https://rf-bootcamp-2025.s3.us-west-2.amazonaws.com/Form3_files/0001209191-20-025480.txt
520,https://rf-bootcamp-2025.s3.us-west-2.amazonaws.com/Form3_files/0001209191-20-025938.txt
521,https://rf-bootcamp-2025.s3.us-west-2.amazonaws.com/Form3_files/0001209191-20-028219.txt
522,https://rf-bootcamp-2025.s3.us-west-2.amazonaws.com/Form3_files/0001209191-20-028929.txt
523,https://rf-bootcamp-2025.s3.us-west-2.amazonaws.com/Form3_files/0001209191-20-029535.txt
524,https://rf-bootcamp-2025.s3.us-west-2.amazonaws.com/Form3_files/0001209191-20-034252.txt
525,https://rf-bootcamp-2025.s3.us-west-2.amazonaws.com/Form3_files/0001209191-20-035307.txt
526,https://rf-bootcamp-2025.s3.us-west-2.amazonaws.com/Form3_files/0001209191-20-036049.txt
527,https://rf-bootcamp-2025.s3.us-west-2.amazonaws.com/Form3_files/0001209191-20-037743.txt
528,https://rf-bootcamp-2025.s3.us-west-2.amazonaws.com/Form3_files/0001209191-20-039692.txt
529,https://rf-bootcamp-2025.s3.us-west-2.amazonaws.com/Form3_files/0001209191-20-039864.txt
530,https://rf-bootcamp-2025.s3.us-west-2.amazonaws.com/Form3_files/0001209191-20-041051.txt
531,https://rf-bootcamp-2025.s3.us-west-2.amazonaws.com/Form3_files/0001209191-20-041232.txt
532,https://rf-bootcamp-2025.s3.us-west-2.amazonaws.com/Form3_files/0001209191-20-044257.txt
533,https://rf-bootcamp-2025.s3.us-west-2.amazonaws.com/Form3_files/0001209191-20-048210.txt
534,https://rf-bootcamp-2025.s3.us-west-2.amazonaws.com/Form3_files/0001209191-20-048476.txt
535,https://rf-bootcamp-2025.s3.us-west-2.amazonaws.com/Form3_files/0001209191-20-049365.txt
536,https://rf-bootcamp-2025.s3.us-west-2.amazonaws.com/Form3_files/0001209191-20-049760.txt
537,https://rf-bootcamp-2025.s3.us-west-2.amazonaws.com/Form3_files/0001209191-20-051068.txt
538,https://rf-bootcamp-2025.s3.us-west-2.amazonaws.com/Form3_files/0001209191-20-053592.txt
539,https://rf-bootcamp-2025.s3.us-west-2.amazonaws.com/Form3_files/0001209191-20-054997.txt
540,https://rf-bootcamp-2025.s3.us-west-2.amazonaws.com/Form3_files/0001209191-20-056022.txt
541,https://rf-bootcamp-2025.s3.us-west-2.amazonaws.com/Form3_files/0001209191-20-056479.txt
542,https://rf-bootcamp-2025.s3.us-west-2.amazonaws.com/Form3_files/0001209191-20-059327.txt
543,https://rf-bootcamp-2025.s3.us-west-2.amazonaws.com/Form3_files/0001209191-21-003131.txt
544,https://rf-bootcamp-2025.s3.us-west-2.amazonaws.com/Form3_files/0001209191-21-004658.txt
545,https://rf-bootcamp-2025.s3.us-west-2.amazonaws.com/Form3_files/0001209191-21-005802.txt
546,https://rf-bootcamp-2025.s3.us-west-2.amazonaws.com/Form3_files/0001209191-21-005813.txt
547,https://rf-bootcamp-2025.s3.us-west-2.amazonaws.com/Form3_files/0001209191-21-006351.txt
548,https://rf-bootcamp-2025.s3.us-west-2.amazonaws.com/Form3_files/0001209191-21-007838.txt
549,https://rf-bootcamp-2025.s3.us-west-2.amazonaws.com/Form3_files/0001209191-21-009401.txt
550,https://rf-bootcamp-2025.s3.us-west-2.amazonaws.com/Form3_files/0001209191-21-009952.txt
551,https://rf-bootcamp-2025.s3.us-west-2.amazonaws.com/Form3_files/0001209191-21-017701.txt
552,https://rf-bootcamp-2025.s3.us-west-2.amazonaws.com/Form3_files/0001209191-21-019949.txt
553,https://rf-bootcamp-2025.s3.us-west-2.amazonaws.com/Form3_files/0001209191-21-021947.txt
554,https://rf-bootcamp-2025.s3.us-west-2.amazonaws.com/Form3_files/0001209191-21-022120.txt
555,https://rf-bootcamp-2025.s3.us-west-2.amazonaws.com/Form3_files/0001209191-21-023121.txt
556,https://rf-bootcamp-2025.s3.us-west-2.amazonaws.com/Form3_files/0001209191-21-023142.txt
557,https://rf-bootcamp-2025.s3.us-west-2.amazonaws.com/Form3_files/0001209191-21-023277.txt
558,https://rf-bootcamp-2025.s3.us-west-2.amazonaws.com/Form3_files/0001209191-21-026794.txt
559,https://rf-bootcamp-2025.s3.us-west-2.amazonaws.com/Form3_files/0001209191-21-032993.txt
560,https://rf-bootcamp-2025.s3.us-west-2.amazonaws.com/Form3_files/0001209191-21-033249.txt
561,https://rf-bootcamp-2025.s3.us-west-2.amazonaws.com/Form3_files/0001209191-21-036323.txt
562,https://rf-bootcamp-2025.s3.us-west-2.amazonaws.com/Form3_files/0001209191-21-037322.txt
563,https://rf-bootcamp-2025.s3.us-west-2.amazonaws.com/Form3_files/0001209191-21-039666.txt
564,https://rf-bootcamp-2025.s3.us-west-2.amazonaws.com/Form3_files/0001209191-21-041497.txt
565,https://rf-bootcamp-2025.s3.us-west-2.amazonaws.com/Form3_files/0001209191-21-041558.txt
566,https://rf-bootcamp-2025.s3.us-west-2.amazonaws.com/Form3_files/0001209191-21-042567.txt
567,https://rf-bootcamp-2025.s3.us-west-2.amazonaws.com/Form3_files/0001209191-21-043380.txt
568,https://rf-bootcamp-2025.s3.us-west-2.amazonaws.com/Form3_files/0001209191-21-043748.txt
569,https://rf-bootcamp-2025.s3.us-west-2.amazonaws.com/Form3_files/0001209191-21-044430.txt
570,https://rf-bootcamp-2025.s3.us-west-2.amazonaws.com/Form3_files/0001209191-21-050156.txt
571,https://rf-bootcamp-2025.s3.us-west-2.amazonaws.com/Form3_files/0001209191-21-050354.txt
572,https://rf-bootcamp-2025.s3.us-west-2.amazonaws.com/Form3_files/0001209191-21-050462.txt
573,https://rf-bootcamp-2025.s3.us-west-2.amazonaws.com/Form3_files/0001209191-21-050704.txt
574,https://rf-bootcamp-2025.s3.us-west-2.amazonaws.com/Form3_files/0001209191-21-053515.txt
575,https://rf-bootcamp-2025.s3.us-west-2.amazonaws.com/Form3_files/0001209191-21-053521.txt
576,https://rf-bootcamp-2025.s3.us-west-2.amazonaws.com/Form3_files/0001209191-21-053700.txt
577,https://rf-bootcamp-2025.s3.us-west-2.amazonaws.com/Form3_files/0001209191-21-053922.txt
578,https://rf-bootcamp-2025.s3.us-west-2.amazonaws.com/Form3_files/0001209191-21-055779.txt
579,https://rf-bootcamp-2025.s3.us-west-2.amazonaws.com/Form3_files/0001209191-21-055787.txt
580,https://rf-bootcamp-2025.s3.us-west-2.amazonaws.com/Form3_files/0001209191-21-057914.txt
581,https://rf-bootcamp-2025.s3.us-west-2.amazonaws.com/Form3_files/0001209191-21-060926.txt
582,https://rf-bootcamp-2025.s3.us-west-2.amazonaws.com/Form3_files/0001209191-21-062110.txt
583,https://rf-bootcamp-2025.s3.us-west-2.amazonaws.com/Form3_files/0001209191-21-062699.txt
584,https://rf-bootcamp-2025.s3.us-west-2.amazonaws.com/Form3_files/0001209191-21-064952.txt
585,https://rf-bootcamp-2025.s3.us-west-2.amazonaws.com/Form3_files/0001209191-21-065275.txt
586,https://rf-bootcamp-2025.s3.us-west-2.amazonaws.com/Form3_files/0001209191-21-065561.txt
587,https://rf-bootcamp-2025.s3.us-west-2.amazonaws.com/Form3_files/0001209191-21-067301.txt
588,https://rf-bootcamp-2025.s3.us-west-2.amazonaws.com/Form3_files/0001209191-21-068553.txt
589,https://rf-bootcamp-2025.s3.us-west-2.amazonaws.com/Form3_files/0001209191-22-005585.txt
590,https://rf-bootcamp-2025.s3.us-west-2.amazonaws.com/Form3_files/0001209191-22-005643.txt
591,https://rf-bootcamp-2025.s3.us-west-2.amazonaws.com/Form3_files/0001209191-22-006153.txt
592,https://rf-bootcamp-2025.s3.us-west-2.amazonaws.com/Form3_files/0001209191-22-006535.txt
593,https://rf-bootcamp-2025.s3.us-west-2.amazonaws.com/Form3_files/0001209191-22-006865.txt
594,https://rf-bootcamp-2025.s3.us-west-2.amazonaws.com/Form3_files/0001209191-22-016665.txt
595,https://rf-bootcamp-2025.s3.us-west-2.amazonaws.com/Form3_files/0001209191-22-018196.txt
596,https://rf-bootcamp-2025.s3.us-west-2.amazonaws.com/Form3_files/0001209191-22-020921.txt
597,https://rf-bootcamp-2025.s3.us-west-2.amazonaws.com/Form3_files/0001209191-22-021025.txt
598,https://rf-bootcamp-2025.s3.us-west-2.amazonaws.com/Form3_files/0001209191-22-023283.txt
599,https://rf-bootcamp-2025.s3.us-west-2.amazonaws.com/Form3_files/0001209191-22-034487.txt
600,https://rf-bootcamp-2025.s3.us-west-2.amazonaws.com/Form3_files/0001209191-22-037186.txt
601,https://rf-bootcamp-2025.s3.us-west-2.amazonaws.com/Form3_files/0001209191-22-040092.txt
602,https://rf-bootcamp-2025.s3.us-west-2.amazonaws.com/Form3_files/0001209191-22-044001.txt
603,https://rf-bootcamp-2025.s3.us-west-2.amazonaws.com/Form3_files/0001209191-22-049884.txt
604,https://rf-bootcamp-2025.s3.us-west-2.amazonaws.com/Form3_files/0001209191-22-056810.txt
605,https://rf-bootcamp-2025.s3.us-west-2.amazonaws.com/Form3_files/0001209191-22-056834.txt
606,https://rf-bootcamp-2025.s3.us-west-2.amazonaws.com/Form3_files/0001209191-23-006663.txt
607,https://rf-bootcamp-2025.s3.us-west-2.amazonaws.com/Form3_files/0001209191-23-012555.txt
608,https://rf-bootcamp-2025.s3.us-west-2.amazonaws.com/Form3_files/0001209191-23-016411.txt
609,https://rf-bootcamp-2025.s3.us-west-2.amazonaws.com/Form3_files/0001209191-23-016931.txt
610,https://rf-bootcamp-2025.s3.us-west-2.amazonaws.com/Form3_files/0001209191-23-022357.txt
611,https://rf-bootcamp-2025.s3.us-west-2.amazonaws.com/Form3_files/0001209191-23-022953.txt
612,https://rf-bootcamp-2025.s3.us-west-2.amazonaws.com/Form3_files/0001209191-23-024248.txt
613,https://rf-bootcamp-2025.s3.us-west-2.amazonaws.com/Form3_files/0001209191-23-030705.txt
614,https://rf-bootcamp-2025.s3.us-west-2.amazonaws.com/Form3_files/0001209191-23-035621.txt
615,https://rf-bootcamp-2025.s3.us-west-2.amazonaws.com/Form3_files/0001209191-23-043008.txt
616,https://rf-bootcamp-2025.s3.us-west-2.amazonaws.com/Form3_files/0001209191-23-045643.txt
617,https://rf-bootcamp-2025.s3.us-west-2.amazonaws.com/Form3_files/0001209191-23-045830.txt
618,https://rf-bootcamp-2025.s3.us-west-2.amazonaws.com/Form3_files/0001209191-23-049747.txt
619,https://rf-bootcamp-2025.s3.us-west-2.amazonaws.com/Form3_files/0001209191-23-052416.txt
620,https://rf-bootcamp-2025.s3.us-west-2.amazonaws.com/Form3_files/0001209191-23-052430.txt
621,https://rf-bootcamp-2025.s3.us-west-2.amazonaws.com/Form3_files/0001209191-23-052703.txt
622,https://rf-bootcamp-2025.s3.us-west-2.amazonaws.com/Form3_files/0001209191-23-057990.txt
623,https://rf-bootcamp-2025.s3.us-west-2.amazonaws.com/Form3_files/0001213900-18-001940.txt
624,https://rf-bootcamp-2025.s3.us-west-2.amazonaws.com/Form3_files/0001213900-18-004345.txt
625,https://rf-bootcamp-2025.s3.us-west-2.amazonaws.com/Form3_files/0001213900-18-008303.txt
626,https://rf-bootcamp-2025.s3.us-west-2.amazonaws.com/Form3_files/0001213900-18-010132.txt
627,https://rf-bootcamp-2025.s3.us-west-2.amazonaws.com/Form3_files/0001213900-19-012628.txt
628,https://rf-bootcamp-2025.s3.us-west-2.amazonaws.com/Form3_files/0001213900-19-014274.txt
629,https://rf-bootcamp-2025.s3.us-west-2.amazonaws.com/Form3_files/0001213900-19-017632.txt
630,https://rf-bootcamp-2025.s3.us-west-2.amazonaws.com/Form3_files/0001213900-19-022428.txt
631,https://rf-bootcamp-2025.s3.us-west-2.amazonaws.com/Form3_files/0001213900-19-025938.txt
632,https://rf-bootcamp-2025.s3.us-west-2.amazonaws.com/Form3_files/0001213900-20-004320.txt
633,https://rf-bootcamp-2025.s3.us-west-2.amazonaws.com/Form3_files/0001213900-20-009524.txt
634,https://rf-bootcamp-2025.s3.us-west-2.amazonaws.com/Form3_files/0001213900-20-015367.txt
635,https://rf-bootcamp-2025.s3.us-west-2.amazonaws.com/Form3_files/0001213900-20-016365.txt
636,https://rf-bootcamp-2025.s3.us-west-2.amazonaws.com/Form3_files/0001213900-20-017129.txt
637,https://rf-bootcamp-2025.s3.us-west-2.amazonaws.com/Form3_files/0001213900-20-018286.txt
638,https://rf-bootcamp-2025.s3.us-west-2.amazonaws.com/Form3_files/0001213900-20-021505.txt
639,https://rf-bootcamp-2025.s3.us-west-2.amazonaws.com/Form3_files/0001213900-20-021907.txt
640,https://rf-bootcamp-2025.s3.us-west-2.amazonaws.com/Form3_files/0001213900-20-026113.txt
641,https://rf-bootcamp-2025.s3.us-west-2.amazonaws.com/Form3_files/0001213900-20-029436.txt
642,https://rf-bootcamp-2025.s3.us-west-2.amazonaws.com/Form3_files/0001213900-20-031632.txt
643,https://rf-bootcamp-2025.s3.us-west-2.amazonaws.com/Form3_files/0001213900-20-040294.txt
644,https://rf-bootcamp-2025.s3.us-west-2.amazonaws.com/Form3_files/0001213900-20-043341.txt
645,https://rf-bootcamp-2025.s3.us-west-2.amazonaws.com/Form3_files/0001213900-21-000708.txt
646,https://rf-bootcamp-2025.s3.us-west-2.amazonaws.com/Form3_files/0001213900-21-001808.txt
647,https://rf-bootcamp-2025.s3.us-west-2.amazonaws.com/Form3_files/0001213900-21-008186.txt
648,https://rf-bootcamp-2025.s3.us-west-2.amazonaws.com/Form3_files/0001213900-21-013009.txt
649,https://rf-bootcamp-2025.s3.us-west-2.amazonaws.com/Form3_files/0001213900-21-016493.txt
650,https://rf-bootcamp-2025.s3.us-west-2.amazonaws.com/Form3_files/0001213900-21-020503.txt
651,https://rf-bootcamp-2025.s3.us-west-2.amazonaws.com/Form3_files/0001213900-21-021517.txt
652,https://rf-bootcamp-2025.s3.us-west-2.amazonaws.com/Form3_files/0001213900-21-025006.txt
653,https://rf-bootcamp-2025.s3.us-west-2.amazonaws.com/Form3_files/0001213900-21-037507.txt
654,https://rf-bootcamp-2025.s3.us-west-2.amazonaws.com/Form3_files/0001213900-21-048099.txt
655,https://rf-bootcamp-2025.s3.us-west-2.amazonaws.com/Form3_files/0001213900-21-051105.txt
656,https://rf-bootcamp-2025.s3.us-west-2.amazonaws.com/Form3_files/0001213900-22-000337.txt
657,https://rf-bootcamp-2025.s3.us-west-2.amazonaws.com/Form3_files/0001213900-22-002726.txt
658,https://rf-bootcamp-2025.s3.us-west-2.amazonaws.com/Form3_files/0001213900-22-008307.txt
659,https://rf-bootcamp-2025.s3.us-west-2.amazonaws.com/Form3_files/0001213900-22-009727.txt
660,https://rf-bootcamp-2025.s3.us-west-2.amazonaws.com/Form3_files/0001213900-22-015209.txt
661,https://rf-bootcamp-2025.s3.us-west-2.amazonaws.com/Form3_files/0001213900-22-021922.txt
662,https://rf-bootcamp-2025.s3.us-west-2.amazonaws.com/Form3_files/0001213900-22-022036.txt
663,https://rf-bootcamp-2025.s3.us-west-2.amazonaws.com/Form3_files/0001213900-22-030709.txt
664,https://rf-bootcamp-2025.s3.us-west-2.amazonaws.com/Form3_files/0001213900-22-046863.txt
665,https://rf-bootcamp-2025.s3.us-west-2.amazonaws.com/Form3_files/0001213900-22-055760.txt
666,https://rf-bootcamp-2025.s3.us-west-2.amazonaws.com/Form3_files/0001213900-22-078871.txt
667,https://rf-bootcamp-2025.s3.us-west-2.amazonaws.com/Form3_files/0001213900-23-012790.txt
668,https://rf-bootcamp-2025.s3.us-west-2.amazonaws.com/Form3_files/0001213900-23-075813.txt
669,https://rf-bootcamp-2025.s3.us-west-2.amazonaws.com/Form3_files/0001213900-23-081231.txt
670,https://rf-bootcamp-2025.s3.us-west-2.amazonaws.com/Form3_files/0001213900-23-091523.txt
671,https://rf-bootcamp-2025.s3.us-west-2.amazonaws.com/Form3_files/0001214659-18-002549.txt
672,https://rf-bootcamp-2025.s3.us-west-2.amazonaws.com/Form3_files/0001214659-18-006639.txt
673,https://rf-bootcamp-2025.s3.us-west-2.amazonaws.com/Form3_files/0001214659-19-007322.txt
674,https://rf-bootcamp-2025.s3.us-west-2.amazonaws.com/Form3_files/0001214659-20-004955.txt
675,https://rf-bootcamp-2025.s3.us-west-2.amazonaws.com/Form3_files/0001214659-20-005761.txt
676,https://rf-bootcamp-2025.s3.us-west-2.amazonaws.com/Form3_files/0001214659-22-003064.txt
677,https://rf-bootcamp-2025.s3.us-west-2.amazonaws.com/Form3_files/0001214659-23-003789.txt
678,https://rf-bootcamp-2025.s3.us-west-2.amazonaws.com/Form3_files/0001225208-18-001963.txt
679,https://rf-bootcamp-2025.s3.us-west-2.amazonaws.com/Form3_files/0001225208-18-004307.txt
680,https://rf-bootcamp-2025.s3.us-west-2.amazonaws.com/Form3_files/0001225208-18-004493.txt
681,https://rf-bootcamp-2025.s3.us-west-2.amazonaws.com/Form3_files/0001225208-18-011913.txt
682,https://rf-bootcamp-2025.s3.us-west-2.amazonaws.com/Form3_files/0001225208-19-011484.txt
683,https://rf-bootcamp-2025.s3.us-west-2.amazonaws.com/Form3_files/0001225208-19-011485.txt
684,https://rf-bootcamp-2025.s3.us-west-2.amazonaws.com/Form3_files/0001225208-19-011520.txt
685,https://rf-bootcamp-2025.s3.us-west-2.amazonaws.com/Form3_files/0001225208-19-013549.txt
686,https://rf-bootcamp-2025.s3.us-west-2.amazonaws.com/Form3_files/0001225208-19-015386.txt
687,https://rf-bootcamp-2025.s3.us-west-2.amazonaws.com/Form3_files/0001225208-20-001370.txt
688,https://rf-bootcamp-2025.s3.us-west-2.amazonaws.com/Form3_files/0001225208-20-003043.txt
689,https://rf-bootcamp-2025.s3.us-west-2.amazonaws.com/Form3_files/0001225208-20-003086.txt
690,https://rf-bootcamp-2025.s3.us-west-2.amazonaws.com/Form3_files/0001225208-20-013800.txt
691,https://rf-bootcamp-2025.s3.us-west-2.amazonaws.com/Form3_files/0001225208-20-013860.txt
692,https://rf-bootcamp-2025.s3.us-west-2.amazonaws.com/Form3_files/0001225208-20-013935.txt
693,https://rf-bootcamp-2025.s3.us-west-2.amazonaws.com/Form3_files/0001225208-21-003179.txt
694,https://rf-bootcamp-2025.s3.us-west-2.amazonaws.com/Form3_files/0001225208-21-004415.txt
695,https://rf-bootcamp-2025.s3.us-west-2.amazonaws.com/Form3_files/0001225208-21-007094.txt
696,https://rf-bootcamp-2025.s3.us-west-2.amazonaws.com/Form3_files/0001225208-21-007230.txt
697,https://rf-bootcamp-2025.s3.us-west-2.amazonaws.com/Form3_files/0001225208-21-009867.txt
698,https://rf-bootcamp-2025.s3.us-west-2.amazonaws.com/Form3_files/0001225208-21-009898.txt
699,https://rf-bootcamp-2025.s3.us-west-2.amazonaws.com/Form3_files/0001225208-21-010371.txt
700,https://rf-bootcamp-2025.s3.us-west-2.amazonaws.com/Form3_files/0001225208-21-010463.txt
701,https://rf-bootcamp-2025.s3.us-west-2.amazonaws.com/Form3_files/0001225208-21-010496.txt
702,https://rf-bootcamp-2025.s3.us-west-2.amazonaws.com/Form3_files/0001225208-21-011199.txt
703,https://rf-bootcamp-2025.s3.us-west-2.amazonaws.com/Form3_files/0001225208-21-013734.txt
704,https://rf-bootcamp-2025.s3.us-west-2.amazonaws.com/Form3_files/0001225208-22-006690.txt
705,https://rf-bootcamp-2025.s3.us-west-2.amazonaws.com/Form3_files/0001225208-22-009577.txt
706,https://rf-bootcamp-2025.s3.us-west-2.amazonaws.com/Form3_files/0001225208-23-003578.txt
707,https://rf-bootcamp-2025.s3.us-west-2.amazonaws.com/Form3_files/0001225208-23-008002.txt
708,https://rf-bootcamp-2025.s3.us-west-2.amazonaws.com/Form3_files/0001225208-23-009504.txt
709,https://rf-bootcamp-2025.s3.us-west-2.amazonaws.com/Form3_files/0001228616-20-000019.txt
710,https://rf-bootcamp-2025.s3.us-west-2.amazonaws.com/Form3_files/0001235802-19-000009.txt
711,https://rf-bootcamp-2025.s3.us-west-2.amazonaws.com/Form3_files/0001246360-18-002313.txt
712,https://rf-bootcamp-2025.s3.us-west-2.amazonaws.com/Form3_files/0001250853-18-000106.txt
713,https://rf-bootcamp-2025.s3.us-west-2.amazonaws.com/Form3_files/0001250853-18-000110.txt
714,https://rf-bootcamp-2025.s3.us-west-2.amazonaws.com/Form3_files/0001250853-18-000149.txt
715,https://rf-bootcamp-2025.s3.us-west-2.amazonaws.com/Form3_files/0001250853-21-000028.txt
716,https://rf-bootcamp-2025.s3.us-west-2.amazonaws.com/Form3_files/0001250853-23-000053.txt
717,https://rf-bootcamp-2025.s3.us-west-2.amazonaws.com/Form3_files/0001253225-21-000001.txt
718,https://rf-bootcamp-2025.s3.us-west-2.amazonaws.com/Form3_files/0001263211-18-000002.txt
719,https://rf-bootcamp-2025.s3.us-west-2.amazonaws.com/Form3_files/0001264931-21-000169.txt
720,https://rf-bootcamp-2025.s3.us-west-2.amazonaws.com/Form3_files/0001264931-21-000241.txt
721,https://rf-bootcamp-2025.s3.us-west-2.amazonaws.com/Form3_files/0001271163-20-000057.txt
722,https://rf-bootcamp-2025.s3.us-west-2.amazonaws.com/Form3_files/0001272830-21-000200.txt
723,https://rf-bootcamp-2025.s3.us-west-2.amazonaws.com/Form3_files/0001288123-18-000018.txt
724,https://rf-bootcamp-2025.s3.us-west-2.amazonaws.com/Form3_files/0001290929-23-000010.txt
725,https://rf-bootcamp-2025.s3.us-west-2.amazonaws.com/Form3_files/0001305773-19-000115.txt
726,https://rf-bootcamp-2025.s3.us-west-2.amazonaws.com/Form3_files/0001306830-20-000095.txt
727,https://rf-bootcamp-2025.s3.us-west-2.amazonaws.com/Form3_files/0001315529-18-000002.txt
728,https://rf-bootcamp-2025.s3.us-west-2.amazonaws.com/Form3_files/0001321927-20-000023.txt
729,https://rf-bootcamp-2025.s3.us-west-2.amazonaws.com/Form3_files/0001326389-23-000810.txt
730,https://rf-bootcamp-2025.s3.us-west-2.amazonaws.com/Form3_files/0001331471-22-000031.txt
731,https://rf-bootcamp-2025.s3.us-west-2.amazonaws.com/Form3_files/0001349330-19-000003.txt
732,https://rf-bootcamp-2025.s3.us-west-2.amazonaws.com/Form3_files/0001363829-22-000128.txt
733,https://rf-bootcamp-2025.s3.us-west-2.amazonaws.com/Form3_files/0001373631-21-000004.txt
734,https://rf-bootcamp-2025.s3.us-west-2.amazonaws.com/Form3_files/0001373715-20-000195.txt
735,https://rf-bootcamp-2025.s3.us-west-2.amazonaws.com/Form3_files/0001387131-21-004687.txt
736,https://rf-bootcamp-2025.s3.us-west-2.amazonaws.com/Form3_files/0001387131-21-006514.txt
737,https://rf-bootcamp-2025.s3.us-west-2.amazonaws.com/Form3_files/0001387131-21-006518.txt
738,https://rf-bootcamp-2025.s3.us-west-2.amazonaws.com/Form3_files/0001387131-21-012396.txt
739,https://rf-bootcamp-2025.s3.us-west-2.amazonaws.com/Form3_files/0001393726-20-000014.txt
740,https://rf-bootcamp-2025.s3.us-west-2.amazonaws.com/Form3_files/0001398344-19-010998.txt
741,https://rf-bootcamp-2025.s3.us-west-2.amazonaws.com/Form3_files/0001398344-19-014481.txt
742,https://rf-bootcamp-2025.s3.us-west-2.amazonaws.com/Form3_files/0001398344-20-012671.txt
743,https://rf-bootcamp-2025.s3.us-west-2.amazonaws.com/Form3_files/0001398344-20-013571.txt
744,https://rf-bootcamp-2025.s3.us-west-2.amazonaws.com/Form3_files/0001398344-21-020344.txt
745,https://rf-bootcamp-2025.s3.us-west-2.amazonaws.com/Form3_files/0001410636-19-000113.txt
746,https://rf-bootcamp-2025.s3.us-west-2.amazonaws.com/Form3_files/0001415889-19-000289.txt
747,https://rf-bootcamp-2025.s3.us-west-2.amazonaws.com/Form3_files/0001415889-20-001283.txt
748,https://rf-bootcamp-2025.s3.us-west-2.amazonaws.com/Form3_files/0001415889-22-001668.txt
749,https://rf-bootcamp-2025.s3.us-west-2.amazonaws.com/Form3_files/0001415889-22-004469.txt
750,https://rf-bootcamp-2025.s3.us-west-2.amazonaws.com/Form3_files/0001415889-22-010480.txt
751,https://rf-bootcamp-2025.s3.us-west-2.amazonaws.com/Form3_files/0001415889-23-008206.txt
752,https://rf-bootcamp-2025.s3.us-west-2.amazonaws.com/Form3_files/0001415889-23-014947.txt
753,https://rf-bootcamp-2025.s3.us-west-2.amazonaws.com/Form3_files/0001415889-24-000710.txt
754,https://rf-bootcamp-2025.s3.us-west-2.amazonaws.com/Form3_files/0001415889-24-001291.txt
755,https://rf-bootcamp-2025.s3.us-west-2.amazonaws.com/Form3_files/0001415889-24-001324.txt
756,https://rf-bootcamp-2025.s3.us-west-2.amazonaws.com/Form3_files/0001415889-24-001345.txt
757,https://rf-bootcamp-2025.s3.us-west-2.amazonaws.com/Form3_files/0001415889-24-003385.txt
758,https://rf-bootcamp-2025.s3.us-west-2.amazonaws.com/Form3_files/0001425292-23-000014.txt
759,https://rf-bootcamp-2025.s3.us-west-2.amazonaws.com/Form3_files/0001427387-21-000006.txt
760,https://rf-bootcamp-2025.s3.us-west-2.amazonaws.com/Form3_files/0001430723-23-000011.txt
761,https://rf-bootcamp-2025.s3.us-west-2.amazonaws.com/Form3_files/0001434495-19-000002.txt
762,https://rf-bootcamp-2025.s3.us-west-2.amazonaws.com/Form3_files/0001437749-18-004690.txt
763,https://rf-bootcamp-2025.s3.us-west-2.amazonaws.com/Form3_files/0001437749-19-022988.txt
764,https://rf-bootcamp-2025.s3.us-west-2.amazonaws.com/Form3_files/0001437749-20-000341.txt
765,https://rf-bootcamp-2025.s3.us-west-2.amazonaws.com/Form3_files/0001437749-22-014880.txt
766,https://rf-bootcamp-2025.s3.us-west-2.amazonaws.com/Form3_files/0001437749-22-020195.txt
767,https://rf-bootcamp-2025.s3.us-west-2.amazonaws.com/Form3_files/0001437749-23-016891.txt
768,https://rf-bootcamp-2025.s3.us-west-2.amazonaws.com/Form3_files/0001437749-23-028388.txt
769,https://rf-bootcamp-2025.s3.us-west-2.amazonaws.com/Form3_files/0001441552-19-000004.txt
770,https://rf-bootcamp-2025.s3.us-west-2.amazonaws.com/Form3_files/0001445546-20-003242.txt
771,https://rf-bootcamp-2025.s3.us-west-2.amazonaws.com/Form3_files/0001445546-20-003923.txt
772,https://rf-bootcamp-2025.s3.us-west-2.amazonaws.com/Form3_files/0001454387-21-000006.txt
773,https://rf-bootcamp-2025.s3.us-west-2.amazonaws.com/Form3_files/0001455863-23-000047.txt
774,https://rf-bootcamp-2025.s3.us-west-2.amazonaws.com/Form3_files/0001463252-20-000035.txt
775,https://rf-bootcamp-2025.s3.us-west-2.amazonaws.com/Form3_files/0001465740-20-000006.txt
776,https://rf-bootcamp-2025.s3.us-west-2.amazonaws.com/Form3_files/0001474506-22-000076.txt
777,https://rf-bootcamp-2025.s3.us-west-2.amazonaws.com/Form3_files/0001474506-23-000149.txt
778,https://rf-bootcamp-2025.s3.us-west-2.amazonaws.com/Form3_files/0001474506-23-000158.txt
779,https://rf-bootcamp-2025.s3.us-west-2.amazonaws.com/Form3_files/0001474506-24-000063.txt
780,https://rf-bootcamp-2025.s3.us-west-2.amazonaws.com/Form3_files/0001477932-19-000478.txt
781,https://rf-bootcamp-2025.s3.us-west-2.amazonaws.com/Form3_files/0001477932-21-003009.txt
782,https://rf-bootcamp-2025.s3.us-west-2.amazonaws.com/Form3_files/0001477932-22-006586.txt
783,https://rf-bootcamp-2025.s3.us-west-2.amazonaws.com/Form3_files/0001477932-22-008127.txt
784,https://rf-bootcamp-2025.s3.us-west-2.amazonaws.com/Form3_files/0001477932-23-000047.txt
785,https://rf-bootcamp-2025.s3.us-west-2.amazonaws.com/Form3_files/0001489096-19-000090.txt
786,https://rf-bootcamp-2025.s3.us-west-2.amazonaws.com/Form3_files/0001493152-18-002226.txt
787,https://rf-bootcamp-2025.s3.us-west-2.amazonaws.com/Form3_files/0001493152-18-008973.txt
788,https://rf-bootcamp-2025.s3.us-west-2.amazonaws.com/Form3_files/0001493152-20-005836.txt
789,https://rf-bootcamp-2025.s3.us-west-2.amazonaws.com/Form3_files/0001493152-20-006730.txt
790,https://rf-bootcamp-2025.s3.us-west-2.amazonaws.com/Form3_files/0001493152-20-007198.txt
791,https://rf-bootcamp-2025.s3.us-west-2.amazonaws.com/Form3_files/0001493152-20-024553.txt
792,https://rf-bootcamp-2025.s3.us-west-2.amazonaws.com/Form3_files/0001493152-21-026148.txt
793,https://rf-bootcamp-2025.s3.us-west-2.amazonaws.com/Form3_files/0001493152-21-027863.txt
794,https://rf-bootcamp-2025.s3.us-west-2.amazonaws.com/Form3_files/0001493152-22-002756.txt
795,https://rf-bootcamp-2025.s3.us-west-2.amazonaws.com/Form3_files/0001493152-22-002949.txt
796,https://rf-bootcamp-2025.s3.us-west-2.amazonaws.com/Form3_files/0001493152-22-003473.txt
797,https://rf-bootcamp-2025.s3.us-west-2.amazonaws.com/Form3_files/0001493152-22-003670.txt
798,https://rf-bootcamp-2025.s3.us-west-2.amazonaws.com/Form3_files/0001493152-22-013996.txt
799,https://rf-bootcamp-2025.s3.us-west-2.amazonaws.com/Form3_files/0001493152-22-025316.txt
800,https://rf-bootcamp-2025.s3.us-west-2.amazonaws.com/Form3_files/0001493152-22-026471.txt
801,https://rf-bootcamp-2025.s3.us-west-2.amazonaws.com/Form3_files/0001493152-23-000179.txt
802,https://rf-bootcamp-2025.s3.us-west-2.amazonaws.com/Form3_files/0001493152-23-001885.txt
803,https://rf-bootcamp-2025.s3.us-west-2.amazonaws.com/Form3_files/0001493152-23-006995.txt
804,https://rf-bootcamp-2025.s3.us-west-2.amazonaws.com/Form3_files/0001493152-23-015408.txt
805,https://rf-bootcamp-2025.s3.us-west-2.amazonaws.com/Form3_files/0001493152-23-034698.txt
806,https://rf-bootcamp-2025.s3.us-west-2.amazonaws.com/Form3_files/0001493152-23-035253.txt
807,https://rf-bootcamp-2025.s3.us-west-2.amazonaws.com/Form3_files/0001493152-23-044349.txt
808,https://rf-bootcamp-2025.s3.us-west-2.amazonaws.com/Form3_files/0001503453-18-000015.txt
809,https://rf-bootcamp-2025.s3.us-west-2.amazonaws.com/Form3_files/0001509991-18-000056.txt
810,https://rf-bootcamp-2025.s3.us-west-2.amazonaws.com/Form3_files/0001510192-21-000010.txt
811,https://rf-bootcamp-2025.s3.us-west-2.amazonaws.com/Form3_files/0001510192-21-000011.txt
812,https://rf-bootcamp-2025.s3.us-west-2.amazonaws.com/Form3_files/0001510281-22-000109.txt
813,https://rf-bootcamp-2025.s3.us-west-2.amazonaws.com/Form3_files/0001510281-23-000020.txt
814,https://rf-bootcamp-2025.s3.us-west-2.amazonaws.com/Form3_files/0001516513-22-000021.txt
815,https://rf-bootcamp-2025.s3.us-west-2.amazonaws.com/Form3_files/0001543407-18-000049.txt
816,https://rf-bootcamp-2025.s3.us-west-2.amazonaws.com/Form3_files/0001553350-19-000684.txt
817,https://rf-bootcamp-2025.s3.us-west-2.amazonaws.com/Form3_files/0001553997-18-000022.txt
818,https://rf-bootcamp-2025.s3.us-west-2.amazonaws.com/Form3_files/0001562180-19-003518.txt
819,https://rf-bootcamp-2025.s3.us-west-2.amazonaws.com/Form3_files/0001562180-19-004003.txt
820,https://rf-bootcamp-2025.s3.us-west-2.amazonaws.com/Form3_files/0001562180-19-004129.txt
821,https://rf-bootcamp-2025.s3.us-west-2.amazonaws.com/Form3_files/0001562180-21-005222.txt
822,https://rf-bootcamp-2025.s3.us-west-2.amazonaws.com/Form3_files/0001562180-21-005843.txt
823,https://rf-bootcamp-2025.s3.us-west-2.amazonaws.com/Form3_files/0001562180-22-004368.txt
824,https://rf-bootcamp-2025.s3.us-west-2.amazonaws.com/Form3_files/0001562180-22-007087.txt
825,https://rf-bootcamp-2025.s3.us-west-2.amazonaws.com/Form3_files/0001562180-23-003144.txt
826,https://rf-bootcamp-2025.s3.us-west-2.amazonaws.com/Form3_files/0001562180-23-004372.txt
827,https://rf-bootcamp-2025.s3.us-west-2.amazonaws.com/Form3_files/0001562180-23-007018.txt
828,https://rf-bootcamp-2025.s3.us-west-2.amazonaws.com/Form3_files/0001562180-23-008561.txt
829,https://rf-bootcamp-2025.s3.us-west-2.amazonaws.com/Form3_files/0001562180-24-001354.txt
830,https://rf-bootcamp-2025.s3.us-west-2.amazonaws.com/Form3_files/0001567619-18-002365.txt
831,https://rf-bootcamp-2025.s3.us-west-2.amazonaws.com/Form3_files/0001567619-18-004311.txt
832,https://rf-bootcamp-2025.s3.us-west-2.amazonaws.com/Form3_files/0001567619-19-002164.txt
833,https://rf-bootcamp-2025.s3.us-west-2.amazonaws.com/Form3_files/0001567619-19-002810.txt
834,https://rf-bootcamp-2025.s3.us-west-2.amazonaws.com/Form3_files/0001567619-19-006698.txt
835,https://rf-bootcamp-2025.s3.us-west-2.amazonaws.com/Form3_files/0001567619-19-008269.txt
836,https://rf-bootcamp-2025.s3.us-west-2.amazonaws.com/Form3_files/0001567619-19-009058.txt
837,https://rf-bootcamp-2025.s3.us-west-2.amazonaws.com/Form3_files/0001567619-19-012787.txt
838,https://rf-bootcamp-2025.s3.us-west-2.amazonaws.com/Form3_files/0001567619-19-015918.txt
839,https://rf-bootcamp-2025.s3.us-west-2.amazonaws.com/Form3_files/0001567619-19-017332.txt
840,https://rf-bootcamp-2025.s3.us-west-2.amazonaws.com/Form3_files/0001567619-19-022906.txt
841,https://rf-bootcamp-2025.s3.us-west-2.amazonaws.com/Form3_files/0001567619-19-022908.txt
842,https://rf-bootcamp-2025.s3.us-west-2.amazonaws.com/Form3_files/0001567619-20-005563.txt
843,https://rf-bootcamp-2025.s3.us-west-2.amazonaws.com/Form3_files/0001567619-20-006462.txt
844,https://rf-bootcamp-2025.s3.us-west-2.amazonaws.com/Form3_files/0001567619-20-006485.txt
845,https://rf-bootcamp-2025.s3.us-west-2.amazonaws.com/Form3_files/0001567619-20-007491.txt
846,https://rf-bootcamp-2025.s3.us-west-2.amazonaws.com/Form3_files/0001567619-20-011862.txt
847,https://rf-bootcamp-2025.s3.us-west-2.amazonaws.com/Form3_files/0001567619-20-012591.txt
848,https://rf-bootcamp-2025.s3.us-west-2.amazonaws.com/Form3_files/0001567619-20-013082.txt
849,https://rf-bootcamp-2025.s3.us-west-2.amazonaws.com/Form3_files/0001567619-20-013656.txt
850,https://rf-bootcamp-2025.s3.us-west-2.amazonaws.com/Form3_files/0001567619-20-016331.txt
851,https://rf-bootcamp-2025.s3.us-west-2.amazonaws.com/Form3_files/0001567619-20-016559.txt
852,https://rf-bootcamp-2025.s3.us-west-2.amazonaws.com/Form3_files/0001567619-20-020594.txt
853,https://rf-bootcamp-2025.s3.us-west-2.amazonaws.com/Form3_files/0001567619-20-021152.txt
854,https://rf-bootcamp-2025.s3.us-west-2.amazonaws.com/Form3_files/0001567619-21-007986.txt
855,https://rf-bootcamp-2025.s3.us-west-2.amazonaws.com/Form3_files/0001567619-21-013043.txt
856,https://rf-bootcamp-2025.s3.us-west-2.amazonaws.com/Form3_files/0001567619-21-017067.txt
857,https://rf-bootcamp-2025.s3.us-west-2.amazonaws.com/Form3_files/0001567619-21-018043.txt
858,https://rf-bootcamp-2025.s3.us-west-2.amazonaws.com/Form3_files/0001567619-21-018546.txt
859,https://rf-bootcamp-2025.s3.us-west-2.amazonaws.com/Form3_files/0001567619-21-021782.txt
860,https://rf-bootcamp-2025.s3.us-west-2.amazonaws.com/Form3_files/0001567619-22-001024.txt
861,https://rf-bootcamp-2025.s3.us-west-2.amazonaws.com/Form3_files/0001567619-22-001574.txt
862,https://rf-bootcamp-2025.s3.us-west-2.amazonaws.com/Form3_files/0001567619-22-013976.txt
863,https://rf-bootcamp-2025.s3.us-west-2.amazonaws.com/Form3_files/0001567619-22-016939.txt
864,https://rf-bootcamp-2025.s3.us-west-2.amazonaws.com/Form3_files/0001567619-22-019223.txt
865,https://rf-bootcamp-2025.s3.us-west-2.amazonaws.com/Form3_files/0001567619-23-000082.txt
866,https://rf-bootcamp-2025.s3.us-west-2.amazonaws.com/Form3_files/0001567619-23-000418.txt
867,https://rf-bootcamp-2025.s3.us-west-2.amazonaws.com/Form3_files/0001567619-23-001011.txt
868,https://rf-bootcamp-2025.s3.us-west-2.amazonaws.com/Form3_files/0001567619-23-002652.txt
869,https://rf-bootcamp-2025.s3.us-west-2.amazonaws.com/Form3_files/0001575872-23-001489.txt
870,https://rf-bootcamp-2025.s3.us-west-2.amazonaws.com/Form3_files/0001575872-23-001686.txt
871,https://rf-bootcamp-2025.s3.us-west-2.amazonaws.com/Form3_files/0001578266-18-000003.txt
872,https://rf-bootcamp-2025.s3.us-west-2.amazonaws.com/Form3_files/0001579688-21-000004.txt
873,https://rf-bootcamp-2025.s3.us-west-2.amazonaws.com/Form3_files/0001579877-20-000114.txt
874,https://rf-bootcamp-2025.s3.us-west-2.amazonaws.com/Form3_files/0001580642-22-003694.txt
875,https://rf-bootcamp-2025.s3.us-west-2.amazonaws.com/Form3_files/0001580642-23-003178.txt
876,https://rf-bootcamp-2025.s3.us-west-2.amazonaws.com/Form3_files/0001593968-19-000939.txt
877,https://rf-bootcamp-2025.s3.us-west-2.amazonaws.com/Form3_files/0001593968-20-000468.txt
878,https://rf-bootcamp-2025.s3.us-west-2.amazonaws.com/Form3_files/0001593968-23-000642.txt
879,https://rf-bootcamp-2025.s3.us-west-2.amazonaws.com/Form3_files/0001595103-18-000001.txt
880,https://rf-bootcamp-2025.s3.us-west-2.amazonaws.com/Form3_files/0001595974-18-000064.txt
881,https://rf-bootcamp-2025.s3.us-west-2.amazonaws.com/Form3_files/0001597033-18-000103.txt
882,https://rf-bootcamp-2025.s3.us-west-2.amazonaws.com/Form3_files/0001613665-18-000028.txt
883,https://rf-bootcamp-2025.s3.us-west-2.amazonaws.com/Form3_files/0001615594-21-000004.txt
884,https://rf-bootcamp-2025.s3.us-west-2.amazonaws.com/Form3_files/0001615774-18-001671.txt
885,https://rf-bootcamp-2025.s3.us-west-2.amazonaws.com/Form3_files/0001616318-23-000152.txt
886,https://rf-bootcamp-2025.s3.us-west-2.amazonaws.com/Form3_files/0001618921-20-000069.txt
887,https://rf-bootcamp-2025.s3.us-west-2.amazonaws.com/Form3_files/0001618921-22-000066.txt
888,https://rf-bootcamp-2025.s3.us-west-2.amazonaws.com/Form3_files/0001618921-24-000017.txt
889,https://rf-bootcamp-2025.s3.us-west-2.amazonaws.com/Form3_files/0001627223-19-000039.txt
890,https://rf-bootcamp-2025.s3.us-west-2.amazonaws.com/Form3_files/0001628280-18-005163.txt
891,https://rf-bootcamp-2025.s3.us-west-2.amazonaws.com/Form3_files/0001628280-18-009340.txt
892,https://rf-bootcamp-2025.s3.us-west-2.amazonaws.com/Form3_files/0001628280-20-012830.txt
893,https://rf-bootcamp-2025.s3.us-west-2.amazonaws.com/Form3_files/0001628280-20-012833.txt
894,https://rf-bootcamp-2025.s3.us-west-2.amazonaws.com/Form3_files/0001628280-20-017288.txt
895,https://rf-bootcamp-2025.s3.us-west-2.amazonaws.com/Form3_files/0001628280-21-020182.txt
896,https://rf-bootcamp-2025.s3.us-west-2.amazonaws.com/Form3_files/0001628280-21-020184.txt
897,https://rf-bootcamp-2025.s3.us-west-2.amazonaws.com/Form3_files/0001628280-22-001873.txt
898,https://rf-bootcamp-2025.s3.us-west-2.amazonaws.com/Form3_files/0001628280-23-001049.txt
899,https://rf-bootcamp-2025.s3.us-west-2.amazonaws.com/Form3_files/0001628280-23-002036.txt
900,https://rf-bootcamp-2025.s3.us-west-2.amazonaws.com/Form3_files/0001628280-23-022227.txt
901,https://rf-bootcamp-2025.s3.us-west-2.amazonaws.com/Form3_files/0001628280-23-033107.txt
902,https://rf-bootcamp-2025.s3.us-west-2.amazonaws.com/Form3_files/0001628908-20-000088.txt
903,https://rf-bootcamp-2025.s3.us-west-2.amazonaws.com/Form3_files/0001638397-20-000006.txt
904,https://rf-bootcamp-2025.s3.us-west-2.amazonaws.com/Form3_files/0001638397-22-000014.txt
905,https://rf-bootcamp-2025.s3.us-west-2.amazonaws.com/Form3_files/0001638599-18-000720.txt
906,https://rf-bootcamp-2025.s3.us-west-2.amazonaws.com/Form3_files/0001638599-21-000271.txt
907,https://rf-bootcamp-2025.s3.us-west-2.amazonaws.com/Form3_files/0001639825-22-000026.txt
908,https://rf-bootcamp-2025.s3.us-west-2.amazonaws.com/Form3_files/0001640334-19-000657.txt
909,https://rf-bootcamp-2025.s3.us-west-2.amazonaws.com/Form3_files/0001644600-22-000017.txt
910,https://rf-bootcamp-2025.s3.us-west-2.amazonaws.com/Form3_files/0001651308-21-000065.txt
911,https://rf-bootcamp-2025.s3.us-west-2.amazonaws.com/Form3_files/0001654954-18-003912.txt
912,https://rf-bootcamp-2025.s3.us-west-2.amazonaws.com/Form3_files/0001654954-20-010008.txt
913,https://rf-bootcamp-2025.s3.us-west-2.amazonaws.com/Form3_files/0001654954-21-004756.txt
914,https://rf-bootcamp-2025.s3.us-west-2.amazonaws.com/Form3_files/0001654954-22-004819.txt
915,https://rf-bootcamp-2025.s3.us-west-2.amazonaws.com/Form3_files/0001657971-18-000016.txt
916,https://rf-bootcamp-2025.s3.us-west-2.amazonaws.com/Form3_files/0001660734-20-000054.txt
917,https://rf-bootcamp-2025.s3.us-west-2.amazonaws.com/Form3_files/0001663201-20-000004.txt
918,https://rf-bootcamp-2025.s3.us-west-2.amazonaws.com/Form3_files/0001683168-18-001043.txt
919,https://rf-bootcamp-2025.s3.us-west-2.amazonaws.com/Form3_files/0001683168-20-000363.txt
920,https://rf-bootcamp-2025.s3.us-west-2.amazonaws.com/Form3_files/0001683168-20-002543.txt
921,https://rf-bootcamp-2025.s3.us-west-2.amazonaws.com/Form3_files/0001683168-21-003826.txt
922,https://rf-bootcamp-2025.s3.us-west-2.amazonaws.com/Form3_files/0001683168-22-005170.txt
923,https://rf-bootcamp-2025.s3.us-west-2.amazonaws.com/Form3_files/0001683168-22-005172.txt
924,https://rf-bootcamp-2025.s3.us-west-2.amazonaws.com/Form3_files/0001683168-23-004653.txt
925,https://rf-bootcamp-2025.s3.us-west-2.amazonaws.com/Form3_files/0001687957-22-000004.txt
926,https://rf-bootcamp-2025.s3.us-west-2.amazonaws.com/Form3_files/0001688010-21-000002.txt
927,https://rf-bootcamp-2025.s3.us-west-2.amazonaws.com/Form3_files/0001693731-19-000026.txt
928,https://rf-bootcamp-2025.s3.us-west-2.amazonaws.com/Form3_files/0001703056-23-000035.txt
929,https://rf-bootcamp-2025.s3.us-west-2.amazonaws.com/Form3_files/0001708553-22-000001.txt
930,https://rf-bootcamp-2025.s3.us-west-2.amazonaws.com/Form3_files/0001712184-18-000028.txt
931,https://rf-bootcamp-2025.s3.us-west-2.amazonaws.com/Form3_files/0001717457-19-000003.txt
932,https://rf-bootcamp-2025.s3.us-west-2.amazonaws.com/Form3_files/0001726978-21-000045.txt
933,https://rf-bootcamp-2025.s3.us-west-2.amazonaws.com/Form3_files/0001727674-18-000001.txt
934,https://rf-bootcamp-2025.s3.us-west-2.amazonaws.com/Form3_files/0001731289-23-000325.txt
935,https://rf-bootcamp-2025.s3.us-west-2.amazonaws.com/Form3_files/0001732845-18-000073.txt
936,https://rf-bootcamp-2025.s3.us-west-2.amazonaws.com/Form3_files/0001732998-18-000001.txt
937,https://rf-bootcamp-2025.s3.us-west-2.amazonaws.com/Form3_files/0001734741-21-000006.txt
938,https://rf-bootcamp-2025.s3.us-west-2.amazonaws.com/Form3_files/0001738702-18-000002.txt
939,https://rf-bootcamp-2025.s3.us-west-2.amazonaws.com/Form3_files/0001743003-18-000003.txt
940,https://rf-bootcamp-2025.s3.us-west-2.amazonaws.com/Form3_files/0001753630-18-000001.txt
941,https://rf-bootcamp-2025.s3.us-west-2.amazonaws.com/Form3_files/0001756404-19-000055.txt
942,https://rf-bootcamp-2025.s3.us-west-2.amazonaws.com/Form3_files/0001758730-23-000064.txt
943,https://rf-bootcamp-2025.s3.us-west-2.amazonaws.com/Form3_files/0001763811-19-000001.txt
944,https://rf-bootcamp-2025.s3.us-west-2.amazonaws.com/Form3_files/0001764046-20-000128.txt
945,https://rf-bootcamp-2025.s3.us-west-2.amazonaws.com/Form3_files/0001764046-20-000133.txt
946,https://rf-bootcamp-2025.s3.us-west-2.amazonaws.com/Form3_files/0001766806-22-000064.txt
947,https://rf-bootcamp-2025.s3.us-west-2.amazonaws.com/Form3_files/0001770907-19-000013.txt
948,https://rf-bootcamp-2025.s3.us-west-2.amazonaws.com/Form3_files/0001777962-19-000001.txt
949,https://rf-bootcamp-2025.s3.us-west-2.amazonaws.com/Form3_files/0001778162-19-000003.txt
950,https://rf-bootcamp-2025.s3.us-west-2.amazonaws.com/Form3_files/0001780989-20-000029.txt
951,https://rf-bootcamp-2025.s3.us-west-2.amazonaws.com/Form3_files/0001789160-19-000008.txt
952,https://rf-bootcamp-2025.s3.us-west-2.amazonaws.com/Form3_files/0001791409-19-000002.txt
953,https://rf-bootcamp-2025.s3.us-west-2.amazonaws.com/Form3_files/0001794360-19-000001.txt
954,https://rf-bootcamp-2025.s3.us-west-2.amazonaws.com/Form3_files/0001794783-22-000039.txt
955,https://rf-bootcamp-2025.s3.us-west-2.amazonaws.com/Form3_files/0001794783-23-000088.txt
956,https://rf-bootcamp-2025.s3.us-west-2.amazonaws.com/Form3_files/0001796999-19-000001.txt
957,https://rf-bootcamp-2025.s3.us-west-2.amazonaws.com/Form3_files/0001810019-20-000053.txt
958,https://rf-bootcamp-2025.s3.us-west-2.amazonaws.com/Form3_files/0001810019-22-000121.txt
959,https://rf-bootcamp-2025.s3.us-west-2.amazonaws.com/Form3_files/0001811370-20-000002.txt
960,https://rf-bootcamp-2025.s3.us-west-2.amazonaws.com/Form3_files/0001811562-20-000001.txt
961,https://rf-bootcamp-2025.s3.us-west-2.amazonaws.com/Form3_files/0001822966-23-000211.txt
962,https://rf-bootcamp-2025.s3.us-west-2.amazonaws.com/Form3_files/0001828826-20-000005.txt
963,https://rf-bootcamp-2025.s3.us-west-2.amazonaws.com/Form3_files/0001829126-21-008166.txt
964,https://rf-bootcamp-2025.s3.us-west-2.amazonaws.com/Form3_files/0001829126-22-014714.txt
965,https://rf-bootcamp-2025.s3.us-west-2.amazonaws.com/Form3_files/0001829126-23-005059.txt
966,https://rf-bootcamp-2025.s3.us-west-2.amazonaws.com/Form3_files/0001829126-23-007520.txt
967,https://rf-bootcamp-2025.s3.us-west-2.amazonaws.com/Form3_files/0001834622-22-000057.txt
968,https://rf-bootcamp-2025.s3.us-west-2.amazonaws.com/Form3_files/0001834764-20-000002.txt
969,https://rf-bootcamp-2025.s3.us-west-2.amazonaws.com/Form3_files/0001839544-23-000017.txt
970,https://rf-bootcamp-2025.s3.us-west-2.amazonaws.com/Form3_files/0001842885-21-000003.txt
971,https://rf-bootcamp-2025.s3.us-west-2.amazonaws.com/Form3_files/0001850079-22-000059.txt
972,https://rf-bootcamp-2025.s3.us-west-2.amazonaws.com/Form3_files/0001853548-21-000001.txt
973,https://rf-bootcamp-2025.s3.us-west-2.amazonaws.com/Form3_files/0001857154-23-000076.txt
974,https://rf-bootcamp-2025.s3.us-west-2.amazonaws.com/Form3_files/0001872870-22-000002.txt
975,https://rf-bootcamp-2025.s3.us-west-2.amazonaws.com/Form3_files/0001875444-23-000026.txt
976,https://rf-bootcamp-2025.s3.us-west-2.amazonaws.com/Form3_files/0001880863-21-000032.txt
977,https://rf-bootcamp-2025.s3.us-west-2.amazonaws.com/Form3_files/0001882907-21-000008.txt
978,https://rf-bootcamp-2025.s3.us-west-2.amazonaws.com/Form3_files/0001884657-23-000002.txt
979,https://rf-bootcamp-2025.s3.us-west-2.amazonaws.com/Form3_files/0001889705-21-000001.txt
980,https://rf-bootcamp-2025.s3.us-west-2.amazonaws.com/Form3_files/0001904022-24-000002.txt
981,https://rf-bootcamp-2025.s3.us-west-2.amazonaws.com/Form3_files/0001904082-22-000002.txt
982,https://rf-bootcamp-2025.s3.us-west-2.amazonaws.com/Form3_files/0001912195-22-000002.txt
983,https://rf-bootcamp-2025.s3.us-west-2.amazonaws.com/Form3_files/0001913643-22-000006.txt
984,https://rf-bootcamp-2025.s3.us-west-2.amazonaws.com/Form3_files/0001914789-22-000003.txt
985,https://rf-bootcamp-2025.s3.us-west-2.amazonaws.com/Form3_files/0001929436-22-000002.txt
986,https://rf-bootcamp-2025.s3.us-west-2.amazonaws.com/Form3_files/0001929980-23-000205.txt
987,https://rf-bootcamp-2025.s3.us-west-2.amazonaws.com/Form3_files/0001934577-22-000001.txt
988,https://rf-bootcamp-2025.s3.us-west-2.amazonaws.com/Form3_files/0001940909-22-000001.txt
989,https://rf-bootcamp-2025.s3.us-west-2.amazonaws.com/Form3_files/0001949730-22-000002.txt
990,https://rf-bootcamp-2025.s3.us-west-2.amazonaws.com/Form3_files/0001953805-22-000001.txt
991,https://rf-bootcamp-2025.s3.us-west-2.amazonaws.com/Form3_files/0001987389-23-000006.txt
992,https://rf-bootcamp-2025.s3.us-west-2.amazonaws.com/Form3_files/0001999438-23-000003.txt
993,https://rf-bootcamp-2025.s3.us-west-2.amazonaws.com/Form3_files/0002003997-23-000001.txt
